Crop,Growth_Stage,Ideal_Nitrogen,Ideal_Phosphorus,Ideal_Potassium,Ideal_pH,Source
acid lime,Basal / Sowing,42.0,40.0,48.0,6.5,ICAR National Research Centre for Fruit Crops
acid lime,Vegetative / Active Growth,60.0,8.0,32.0,6.5,ICAR National Research Centre for Fruit Crops
acid lime,Flowering & Fruiting,24.0,20.0,80.0,6.5,ICAR National Research Centre for Fruit Crops
adzuki bean,Basal / Sowing,14.0,50.0,12.0,6.8,ICAR Indian Institute of Pulses Research
adzuki bean,Vegetative / Active Growth,20.0,10.0,8.0,6.8,ICAR Indian Institute of Pulses Research
adzuki bean,Flowering & Fruiting,8.0,25.0,20.0,6.8,ICAR Indian Institute of Pulses Research
allspice,Basal / Sowing,28.0,40.0,24.0,6.5,ICAR General Agronomy Standard
allspice,Vegetative / Active Growth,40.0,8.0,16.0,6.5,ICAR General Agronomy Standard
allspice,Flowering & Fruiting,16.0,20.0,40.0,6.5,ICAR General Agronomy Standard
almond,Basal / Sowing,28.0,40.0,24.0,6.5,ICAR General Agronomy Standard
almond,Vegetative / Active Growth,40.0,8.0,16.0,6.5,ICAR General Agronomy Standard
almond,Flowering & Fruiting,16.0,20.0,40.0,6.5,ICAR General Agronomy Standard
aloe vera,Basal / Sowing,17.5,30.0,15.0,6.8,ICAR Directorate of Medicinal & Aromatic Plants
aloe vera,Vegetative / Active Growth,25.0,6.0,10.0,6.8,ICAR Directorate of Medicinal & Aromatic Plants
aloe vera,Flowering & Fruiting,10.0,15.0,25.0,6.8,ICAR Directorate of Medicinal & Aromatic Plants
amaranth (rajgira),Basal / Sowing,28.0,40.0,24.0,6.5,ICAR General Agronomy Standard
amaranth (rajgira),Vegetative / Active Growth,40.0,8.0,16.0,6.5,ICAR General Agronomy Standard
amaranth (rajgira),Flowering & Fruiting,16.0,20.0,40.0,6.5,ICAR General Agronomy Standard
amaranthus leaves,Basal / Sowing,28.0,40.0,24.0,6.5,ICAR General Agronomy Standard
amaranthus leaves,Vegetative / Active Growth,40.0,8.0,16.0,6.5,ICAR General Agronomy Standard
amaranthus leaves,Flowering & Fruiting,16.0,20.0,40.0,6.5,ICAR General Agronomy Standard
amla,Basal / Sowing,28.0,40.0,24.0,6.5,ICAR General Agronomy Standard
amla,Vegetative / Active Growth,40.0,8.0,16.0,6.5,ICAR General Agronomy Standard
amla,Flowering & Fruiting,16.0,20.0,40.0,6.5,ICAR General Agronomy Standard
aniseed,Basal / Sowing,28.0,40.0,24.0,6.5,ICAR General Agronomy Standard
aniseed,Vegetative / Active Growth,40.0,8.0,16.0,6.5,ICAR General Agronomy Standard
aniseed,Flowering & Fruiting,16.0,20.0,40.0,6.5,ICAR General Agronomy Standard
apple,Basal / Sowing,42.0,40.0,48.0,6.5,ICAR National Research Centre for Fruit Crops
apple,Vegetative / Active Growth,60.0,8.0,32.0,6.5,ICAR National Research Centre for Fruit Crops
apple,Flowering & Fruiting,24.0,20.0,80.0,6.5,ICAR National Research Centre for Fruit Crops
apricot,Basal / Sowing,42.0,40.0,48.0,6.5,ICAR National Research Centre for Fruit Crops
apricot,Vegetative / Active Growth,60.0,8.0,32.0,6.5,ICAR National Research Centre for Fruit Crops
apricot,Flowering & Fruiting,24.0,20.0,80.0,6.5,ICAR National Research Centre for Fruit Crops
arecanut,Basal / Sowing,35.0,50.0,36.0,6.5,ICAR Indian Institute of Spices & Plantation Crops
arecanut,Vegetative / Active Growth,50.0,10.0,24.0,6.5,ICAR Indian Institute of Spices & Plantation Crops
arecanut,Flowering & Fruiting,20.0,25.0,60.0,6.5,ICAR Indian Institute of Spices & Plantation Crops
arrowroot,Basal / Sowing,28.0,40.0,24.0,6.5,ICAR General Agronomy Standard
arrowroot,Vegetative / Active Growth,40.0,8.0,16.0,6.5,ICAR General Agronomy Standard
arrowroot,Flowering & Fruiting,16.0,20.0,40.0,6.5,ICAR General Agronomy Standard
artemisia,Basal / Sowing,28.0,40.0,24.0,6.5,ICAR General Agronomy Standard
artemisia,Vegetative / Active Growth,40.0,8.0,16.0,6.5,ICAR General Agronomy Standard
artemisia,Flowering & Fruiting,16.0,20.0,40.0,6.5,ICAR General Agronomy Standard
asafoetida (hing),Basal / Sowing,28.0,40.0,24.0,6.5,ICAR General Agronomy Standard
asafoetida (hing),Vegetative / Active Growth,40.0,8.0,16.0,6.5,ICAR General Agronomy Standard
asafoetida (hing),Flowering & Fruiting,16.0,20.0,40.0,6.5,ICAR General Agronomy Standard
ash gourd,Basal / Sowing,31.5,60.0,30.0,6.5,ICAR Indian Institute of Horticultural Research
ash gourd,Vegetative / Active Growth,45.0,12.0,20.0,6.5,ICAR Indian Institute of Horticultural Research
ash gourd,Flowering & Fruiting,18.0,30.0,50.0,6.5,ICAR Indian Institute of Horticultural Research
ashwagandha,Basal / Sowing,17.5,30.0,15.0,6.8,ICAR Directorate of Medicinal & Aromatic Plants
ashwagandha,Vegetative / Active Growth,25.0,6.0,10.0,6.8,ICAR Directorate of Medicinal & Aromatic Plants
ashwagandha,Flowering & Fruiting,10.0,15.0,25.0,6.8,ICAR Directorate of Medicinal & Aromatic Plants
asparagus,Basal / Sowing,28.0,40.0,24.0,6.5,ICAR General Agronomy Standard
asparagus,Vegetative / Active Growth,40.0,8.0,16.0,6.5,ICAR General Agronomy Standard
asparagus,Flowering & Fruiting,16.0,20.0,40.0,6.5,ICAR General Agronomy Standard
avocado,Basal / Sowing,42.0,40.0,48.0,6.5,ICAR National Research Centre for Fruit Crops
avocado,Vegetative / Active Growth,60.0,8.0,32.0,6.5,ICAR National Research Centre for Fruit Crops
avocado,Flowering & Fruiting,24.0,20.0,80.0,6.5,ICAR National Research Centre for Fruit Crops
baby corn,Basal / Sowing,28.0,50.0,18.0,6.5,ICAR Cereals & Millets Directorate
baby corn,Vegetative / Active Growth,40.0,10.0,12.0,6.5,ICAR Cereals & Millets Directorate
baby corn,Flowering & Fruiting,16.0,25.0,30.0,6.5,ICAR Cereals & Millets Directorate
bael,Basal / Sowing,28.0,40.0,24.0,6.5,ICAR General Agronomy Standard
bael,Vegetative / Active Growth,40.0,8.0,16.0,6.5,ICAR General Agronomy Standard
bael,Flowering & Fruiting,16.0,20.0,40.0,6.5,ICAR General Agronomy Standard
bambara groundnut,Basal / Sowing,24.5,45.0,18.0,6.8,ICAR Directorate of Oilseeds Research
bambara groundnut,Vegetative / Active Growth,35.0,9.0,12.0,6.8,ICAR Directorate of Oilseeds Research
bambara groundnut,Flowering & Fruiting,14.0,22.5,30.0,6.8,ICAR Directorate of Oilseeds Research
banana,Basal / Sowing,42.0,40.0,48.0,6.5,ICAR National Research Centre for Fruit Crops
banana,Vegetative / Active Growth,60.0,8.0,32.0,6.5,ICAR National Research Centre for Fruit Crops
banana,Flowering & Fruiting,24.0,20.0,80.0,6.5,ICAR National Research Centre for Fruit Crops
barley,Basal / Sowing,28.0,50.0,18.0,6.5,ICAR Cereals & Millets Directorate
barley,Vegetative / Active Growth,40.0,10.0,12.0,6.5,ICAR Cereals & Millets Directorate
barley,Flowering & Fruiting,16.0,25.0,30.0,6.5,ICAR Cereals & Millets Directorate
barnyard millet,Basal / Sowing,28.0,50.0,18.0,6.5,ICAR Cereals & Millets Directorate
barnyard millet,Vegetative / Active Growth,40.0,10.0,12.0,6.5,ICAR Cereals & Millets Directorate
barnyard millet,Flowering & Fruiting,16.0,25.0,30.0,6.5,ICAR Cereals & Millets Directorate
bathua,Basal / Sowing,28.0,40.0,24.0,6.5,ICAR General Agronomy Standard
bathua,Vegetative / Active Growth,40.0,8.0,16.0,6.5,ICAR General Agronomy Standard
bathua,Flowering & Fruiting,16.0,20.0,40.0,6.5,ICAR General Agronomy Standard
bay leaf (tejpatta),Basal / Sowing,28.0,40.0,24.0,6.5,ICAR General Agronomy Standard
bay leaf (tejpatta),Vegetative / Active Growth,40.0,8.0,16.0,6.5,ICAR General Agronomy Standard
bay leaf (tejpatta),Flowering & Fruiting,16.0,20.0,40.0,6.5,ICAR General Agronomy Standard
beetroot,Basal / Sowing,31.5,60.0,30.0,6.5,ICAR Indian Institute of Horticultural Research
beetroot,Vegetative / Active Growth,45.0,12.0,20.0,6.5,ICAR Indian Institute of Horticultural Research
beetroot,Flowering & Fruiting,18.0,30.0,50.0,6.5,ICAR Indian Institute of Horticultural Research
ber (indian jujube),Basal / Sowing,28.0,40.0,24.0,6.5,ICAR General Agronomy Standard
ber (indian jujube),Vegetative / Active Growth,40.0,8.0,16.0,6.5,ICAR General Agronomy Standard
ber (indian jujube),Flowering & Fruiting,16.0,20.0,40.0,6.5,ICAR General Agronomy Standard
bergamot,Basal / Sowing,28.0,40.0,24.0,6.5,ICAR General Agronomy Standard
bergamot,Vegetative / Active Growth,40.0,8.0,16.0,6.5,ICAR General Agronomy Standard
bergamot,Flowering & Fruiting,16.0,20.0,40.0,6.5,ICAR General Agronomy Standard
berseem,Basal / Sowing,28.0,40.0,24.0,6.5,ICAR General Agronomy Standard
berseem,Vegetative / Active Growth,40.0,8.0,16.0,6.5,ICAR General Agronomy Standard
berseem,Flowering & Fruiting,16.0,20.0,40.0,6.5,ICAR General Agronomy Standard
betel leaf,Basal / Sowing,35.0,50.0,36.0,6.5,ICAR Indian Institute of Spices & Plantation Crops
betel leaf,Vegetative / Active Growth,50.0,10.0,24.0,6.5,ICAR Indian Institute of Spices & Plantation Crops
betel leaf,Flowering & Fruiting,20.0,25.0,60.0,6.5,ICAR Indian Institute of Spices & Plantation Crops
bitter gourd,Basal / Sowing,31.5,60.0,30.0,6.5,ICAR Indian Institute of Horticultural Research
bitter gourd,Vegetative / Active Growth,45.0,12.0,20.0,6.5,ICAR Indian Institute of Horticultural Research
bitter gourd,Flowering & Fruiting,18.0,30.0,50.0,6.5,ICAR Indian Institute of Horticultural Research
black pepper,Basal / Sowing,35.0,50.0,36.0,6.5,ICAR Indian Institute of Spices & Plantation Crops
black pepper,Vegetative / Active Growth,50.0,10.0,24.0,6.5,ICAR Indian Institute of Spices & Plantation Crops
black pepper,Flowering & Fruiting,20.0,25.0,60.0,6.5,ICAR Indian Institute of Spices & Plantation Crops
blackberry,Basal / Sowing,42.0,40.0,48.0,6.5,ICAR National Research Centre for Fruit Crops
blackberry,Vegetative / Active Growth,60.0,8.0,32.0,6.5,ICAR National Research Centre for Fruit Crops
blackberry,Flowering & Fruiting,24.0,20.0,80.0,6.5,ICAR National Research Centre for Fruit Crops
blackgram,Basal / Sowing,14.0,50.0,12.0,6.8,ICAR Indian Institute of Pulses Research
blackgram,Vegetative / Active Growth,20.0,10.0,8.0,6.8,ICAR Indian Institute of Pulses Research
blackgram,Flowering & Fruiting,8.0,25.0,20.0,6.8,ICAR Indian Institute of Pulses Research
blueberry,Basal / Sowing,42.0,40.0,48.0,6.5,ICAR National Research Centre for Fruit Crops
blueberry,Vegetative / Active Growth,60.0,8.0,32.0,6.5,ICAR National Research Centre for Fruit Crops
blueberry,Flowering & Fruiting,24.0,20.0,80.0,6.5,ICAR National Research Centre for Fruit Crops
bok choy,Basal / Sowing,28.0,40.0,24.0,6.5,ICAR General Agronomy Standard
bok choy,Vegetative / Active Growth,40.0,8.0,16.0,6.5,ICAR General Agronomy Standard
bok choy,Flowering & Fruiting,16.0,20.0,40.0,6.5,ICAR General Agronomy Standard
bottle gourd,Basal / Sowing,31.5,60.0,30.0,6.5,ICAR Indian Institute of Horticultural Research
bottle gourd,Vegetative / Active Growth,45.0,12.0,20.0,6.5,ICAR Indian Institute of Horticultural Research
bottle gourd,Flowering & Fruiting,18.0,30.0,50.0,6.5,ICAR Indian Institute of Horticultural Research
brahmi,Basal / Sowing,17.5,30.0,15.0,6.8,ICAR Directorate of Medicinal & Aromatic Plants
brahmi,Vegetative / Active Growth,25.0,6.0,10.0,6.8,ICAR Directorate of Medicinal & Aromatic Plants
brahmi,Flowering & Fruiting,10.0,15.0,25.0,6.8,ICAR Directorate of Medicinal & Aromatic Plants
breadfruit,Basal / Sowing,28.0,40.0,24.0,6.5,ICAR General Agronomy Standard
breadfruit,Vegetative / Active Growth,40.0,8.0,16.0,6.5,ICAR General Agronomy Standard
breadfruit,Flowering & Fruiting,16.0,20.0,40.0,6.5,ICAR General Agronomy Standard
broad bean (faba bean),Basal / Sowing,14.0,50.0,12.0,6.8,ICAR Indian Institute of Pulses Research
broad bean (faba bean),Vegetative / Active Growth,20.0,10.0,8.0,6.8,ICAR Indian Institute of Pulses Research
broad bean (faba bean),Flowering & Fruiting,8.0,25.0,20.0,6.8,ICAR Indian Institute of Pulses Research
broad beans,Basal / Sowing,14.0,50.0,12.0,6.8,ICAR Indian Institute of Pulses Research
broad beans,Vegetative / Active Growth,20.0,10.0,8.0,6.8,ICAR Indian Institute of Pulses Research
broad beans,Flowering & Fruiting,8.0,25.0,20.0,6.8,ICAR Indian Institute of Pulses Research
broccoli,Basal / Sowing,31.5,60.0,30.0,6.5,ICAR Indian Institute of Horticultural Research
broccoli,Vegetative / Active Growth,45.0,12.0,20.0,6.5,ICAR Indian Institute of Horticultural Research
broccoli,Flowering & Fruiting,18.0,30.0,50.0,6.5,ICAR Indian Institute of Horticultural Research
browntop millet,Basal / Sowing,28.0,50.0,18.0,6.5,ICAR Cereals & Millets Directorate
browntop millet,Vegetative / Active Growth,40.0,10.0,12.0,6.5,ICAR Cereals & Millets Directorate
browntop millet,Flowering & Fruiting,16.0,25.0,30.0,6.5,ICAR Cereals & Millets Directorate
brussels sprouts,Basal / Sowing,28.0,40.0,24.0,6.5,ICAR General Agronomy Standard
brussels sprouts,Vegetative / Active Growth,40.0,8.0,16.0,6.5,ICAR General Agronomy Standard
brussels sprouts,Flowering & Fruiting,16.0,20.0,40.0,6.5,ICAR General Agronomy Standard
buckwheat,Basal / Sowing,28.0,50.0,18.0,6.5,ICAR Cereals & Millets Directorate
buckwheat,Vegetative / Active Growth,40.0,10.0,12.0,6.5,ICAR Cereals & Millets Directorate
buckwheat,Flowering & Fruiting,16.0,25.0,30.0,6.5,ICAR Cereals & Millets Directorate
cabbage,Basal / Sowing,31.5,60.0,30.0,6.5,ICAR Indian Institute of Horticultural Research
cabbage,Vegetative / Active Growth,45.0,12.0,20.0,6.5,ICAR Indian Institute of Horticultural Research
cabbage,Flowering & Fruiting,18.0,30.0,50.0,6.5,ICAR Indian Institute of Horticultural Research
calophyllum,Basal / Sowing,28.0,40.0,24.0,6.5,ICAR General Agronomy Standard
calophyllum,Vegetative / Active Growth,40.0,8.0,16.0,6.5,ICAR General Agronomy Standard
calophyllum,Flowering & Fruiting,16.0,20.0,40.0,6.5,ICAR General Agronomy Standard
canary grass,Basal / Sowing,28.0,40.0,24.0,6.5,ICAR General Agronomy Standard
canary grass,Vegetative / Active Growth,40.0,8.0,16.0,6.5,ICAR General Agronomy Standard
canary grass,Flowering & Fruiting,16.0,20.0,40.0,6.5,ICAR General Agronomy Standard
cantaloupe,Basal / Sowing,28.0,40.0,24.0,6.5,ICAR General Agronomy Standard
cantaloupe,Vegetative / Active Growth,40.0,8.0,16.0,6.5,ICAR General Agronomy Standard
cantaloupe,Flowering & Fruiting,16.0,20.0,40.0,6.5,ICAR General Agronomy Standard
capsicum,Basal / Sowing,31.5,60.0,30.0,6.5,ICAR Indian Institute of Horticultural Research
capsicum,Vegetative / Active Growth,45.0,12.0,20.0,6.5,ICAR Indian Institute of Horticultural Research
capsicum,Flowering & Fruiting,18.0,30.0,50.0,6.5,ICAR Indian Institute of Horticultural Research
carambola,Basal / Sowing,28.0,40.0,24.0,6.5,ICAR General Agronomy Standard
carambola,Vegetative / Active Growth,40.0,8.0,16.0,6.5,ICAR General Agronomy Standard
carambola,Flowering & Fruiting,16.0,20.0,40.0,6.5,ICAR General Agronomy Standard
cardamom large,Basal / Sowing,35.0,50.0,36.0,6.5,ICAR Indian Institute of Spices & Plantation Crops
cardamom large,Vegetative / Active Growth,50.0,10.0,24.0,6.5,ICAR Indian Institute of Spices & Plantation Crops
cardamom large,Flowering & Fruiting,20.0,25.0,60.0,6.5,ICAR Indian Institute of Spices & Plantation Crops
cardamom small,Basal / Sowing,35.0,50.0,36.0,6.5,ICAR Indian Institute of Spices & Plantation Crops
cardamom small,Vegetative / Active Growth,50.0,10.0,24.0,6.5,ICAR Indian Institute of Spices & Plantation Crops
cardamom small,Flowering & Fruiting,20.0,25.0,60.0,6.5,ICAR Indian Institute of Spices & Plantation Crops
carnation,Basal / Sowing,17.5,30.0,15.0,6.8,ICAR Directorate of Medicinal & Aromatic Plants
carnation,Vegetative / Active Growth,25.0,6.0,10.0,6.8,ICAR Directorate of Medicinal & Aromatic Plants
carnation,Flowering & Fruiting,10.0,15.0,25.0,6.8,ICAR Directorate of Medicinal & Aromatic Plants
carom seed (ajwain),Basal / Sowing,35.0,50.0,36.0,6.5,ICAR Indian Institute of Spices & Plantation Crops
carom seed (ajwain),Vegetative / Active Growth,50.0,10.0,24.0,6.5,ICAR Indian Institute of Spices & Plantation Crops
carom seed (ajwain),Flowering & Fruiting,20.0,25.0,60.0,6.5,ICAR Indian Institute of Spices & Plantation Crops
carrot,Basal / Sowing,31.5,60.0,30.0,6.5,ICAR Indian Institute of Horticultural Research
carrot,Vegetative / Active Growth,45.0,12.0,20.0,6.5,ICAR Indian Institute of Horticultural Research
carrot,Flowering & Fruiting,18.0,30.0,50.0,6.5,ICAR Indian Institute of Horticultural Research
cassava (tapioca),Basal / Sowing,31.5,60.0,30.0,6.5,ICAR Indian Institute of Horticultural Research
cassava (tapioca),Vegetative / Active Growth,45.0,12.0,20.0,6.5,ICAR Indian Institute of Horticultural Research
cassava (tapioca),Flowering & Fruiting,18.0,30.0,50.0,6.5,ICAR Indian Institute of Horticultural Research
cassia,Basal / Sowing,28.0,40.0,24.0,6.5,ICAR General Agronomy Standard
cassia,Vegetative / Active Growth,40.0,8.0,16.0,6.5,ICAR General Agronomy Standard
cassia,Flowering & Fruiting,16.0,20.0,40.0,6.5,ICAR General Agronomy Standard
castor,Basal / Sowing,24.5,45.0,18.0,6.8,ICAR Directorate of Oilseeds Research
castor,Vegetative / Active Growth,35.0,9.0,12.0,6.8,ICAR Directorate of Oilseeds Research
castor,Flowering & Fruiting,14.0,22.5,30.0,6.8,ICAR Directorate of Oilseeds Research
cauliflower,Basal / Sowing,31.5,60.0,30.0,6.5,ICAR Indian Institute of Horticultural Research
cauliflower,Vegetative / Active Growth,45.0,12.0,20.0,6.5,ICAR Indian Institute of Horticultural Research
cauliflower,Flowering & Fruiting,18.0,30.0,50.0,6.5,ICAR Indian Institute of Horticultural Research
celery,Basal / Sowing,28.0,40.0,24.0,6.5,ICAR General Agronomy Standard
celery,Vegetative / Active Growth,40.0,8.0,16.0,6.5,ICAR General Agronomy Standard
celery,Flowering & Fruiting,16.0,20.0,40.0,6.5,ICAR General Agronomy Standard
chamomile,Basal / Sowing,28.0,40.0,24.0,6.5,ICAR General Agronomy Standard
chamomile,Vegetative / Active Growth,40.0,8.0,16.0,6.5,ICAR General Agronomy Standard
chamomile,Flowering & Fruiting,16.0,20.0,40.0,6.5,ICAR General Agronomy Standard
cherimoya,Basal / Sowing,28.0,40.0,24.0,6.5,ICAR General Agronomy Standard
cherimoya,Vegetative / Active Growth,40.0,8.0,16.0,6.5,ICAR General Agronomy Standard
cherimoya,Flowering & Fruiting,16.0,20.0,40.0,6.5,ICAR General Agronomy Standard
cherry,Basal / Sowing,42.0,40.0,48.0,6.5,ICAR National Research Centre for Fruit Crops
cherry,Vegetative / Active Growth,60.0,8.0,32.0,6.5,ICAR National Research Centre for Fruit Crops
cherry,Flowering & Fruiting,24.0,20.0,80.0,6.5,ICAR National Research Centre for Fruit Crops
chestnut,Basal / Sowing,28.0,40.0,24.0,6.5,ICAR General Agronomy Standard
chestnut,Vegetative / Active Growth,40.0,8.0,16.0,6.5,ICAR General Agronomy Standard
chestnut,Flowering & Fruiting,16.0,20.0,40.0,6.5,ICAR General Agronomy Standard
chia,Basal / Sowing,28.0,40.0,24.0,6.5,ICAR General Agronomy Standard
chia,Vegetative / Active Growth,40.0,8.0,16.0,6.5,ICAR General Agronomy Standard
chia,Flowering & Fruiting,16.0,20.0,40.0,6.5,ICAR General Agronomy Standard
chicory,Basal / Sowing,28.0,40.0,24.0,6.5,ICAR General Agronomy Standard
chicory,Vegetative / Active Growth,40.0,8.0,16.0,6.5,ICAR General Agronomy Standard
chicory,Flowering & Fruiting,16.0,20.0,40.0,6.5,ICAR General Agronomy Standard
chinese cabbage,Basal / Sowing,31.5,60.0,30.0,6.5,ICAR Indian Institute of Horticultural Research
chinese cabbage,Vegetative / Active Growth,45.0,12.0,20.0,6.5,ICAR Indian Institute of Horticultural Research
chinese cabbage,Flowering & Fruiting,18.0,30.0,50.0,6.5,ICAR Indian Institute of Horticultural Research
chinese potato,Basal / Sowing,31.5,60.0,30.0,6.5,ICAR Indian Institute of Horticultural Research
chinese potato,Vegetative / Active Growth,45.0,12.0,20.0,6.5,ICAR Indian Institute of Horticultural Research
chinese potato,Flowering & Fruiting,18.0,30.0,50.0,6.5,ICAR Indian Institute of Horticultural Research
chow chow,Basal / Sowing,31.5,60.0,30.0,6.5,ICAR Indian Institute of Horticultural Research
chow chow,Vegetative / Active Growth,45.0,12.0,20.0,6.5,ICAR Indian Institute of Horticultural Research
chow chow,Flowering & Fruiting,18.0,30.0,50.0,6.5,ICAR Indian Institute of Horticultural Research
chrysanthemum,Basal / Sowing,28.0,40.0,24.0,6.5,ICAR General Agronomy Standard
chrysanthemum,Vegetative / Active Growth,40.0,8.0,16.0,6.5,ICAR General Agronomy Standard
chrysanthemum,Flowering & Fruiting,16.0,20.0,40.0,6.5,ICAR General Agronomy Standard
cinnamon,Basal / Sowing,35.0,50.0,36.0,6.5,ICAR Indian Institute of Spices & Plantation Crops
cinnamon,Vegetative / Active Growth,50.0,10.0,24.0,6.5,ICAR Indian Institute of Spices & Plantation Crops
cinnamon,Flowering & Fruiting,20.0,25.0,60.0,6.5,ICAR Indian Institute of Spices & Plantation Crops
citron,Basal / Sowing,28.0,40.0,24.0,6.5,ICAR General Agronomy Standard
citron,Vegetative / Active Growth,40.0,8.0,16.0,6.5,ICAR General Agronomy Standard
citron,Flowering & Fruiting,16.0,20.0,40.0,6.5,ICAR General Agronomy Standard
citronella,Basal / Sowing,28.0,40.0,24.0,6.5,ICAR General Agronomy Standard
citronella,Vegetative / Active Growth,40.0,8.0,16.0,6.5,ICAR General Agronomy Standard
citronella,Flowering & Fruiting,16.0,20.0,40.0,6.5,ICAR General Agronomy Standard
clove,Basal / Sowing,35.0,50.0,36.0,6.5,ICAR Indian Institute of Spices & Plantation Crops
clove,Vegetative / Active Growth,50.0,10.0,24.0,6.5,ICAR Indian Institute of Spices & Plantation Crops
clove,Flowering & Fruiting,20.0,25.0,60.0,6.5,ICAR Indian Institute of Spices & Plantation Crops
cluster bean (guar),Basal / Sowing,14.0,50.0,12.0,6.8,ICAR Indian Institute of Pulses Research
cluster bean (guar),Vegetative / Active Growth,20.0,10.0,8.0,6.8,ICAR Indian Institute of Pulses Research
cluster bean (guar),Flowering & Fruiting,8.0,25.0,20.0,6.8,ICAR Indian Institute of Pulses Research
cocoa,Basal / Sowing,28.0,40.0,24.0,6.5,ICAR General Agronomy Standard
cocoa,Vegetative / Active Growth,40.0,8.0,16.0,6.5,ICAR General Agronomy Standard
cocoa,Flowering & Fruiting,16.0,20.0,40.0,6.5,ICAR General Agronomy Standard
coconut,Basal / Sowing,35.0,50.0,36.0,6.5,ICAR Indian Institute of Spices & Plantation Crops
coconut,Vegetative / Active Growth,50.0,10.0,24.0,6.5,ICAR Indian Institute of Spices & Plantation Crops
coconut,Flowering & Fruiting,20.0,25.0,60.0,6.5,ICAR Indian Institute of Spices & Plantation Crops
coffee,Basal / Sowing,35.0,50.0,36.0,6.5,ICAR Indian Institute of Spices & Plantation Crops
coffee,Vegetative / Active Growth,50.0,10.0,24.0,6.5,ICAR Indian Institute of Spices & Plantation Crops
coffee,Flowering & Fruiting,20.0,25.0,60.0,6.5,ICAR Indian Institute of Spices & Plantation Crops
coriander leaves,Basal / Sowing,35.0,50.0,36.0,6.5,ICAR Indian Institute of Spices & Plantation Crops
coriander leaves,Vegetative / Active Growth,50.0,10.0,24.0,6.5,ICAR Indian Institute of Spices & Plantation Crops
coriander leaves,Flowering & Fruiting,20.0,25.0,60.0,6.5,ICAR Indian Institute of Spices & Plantation Crops
coriander seed,Basal / Sowing,35.0,50.0,36.0,6.5,ICAR Indian Institute of Spices & Plantation Crops
coriander seed,Vegetative / Active Growth,50.0,10.0,24.0,6.5,ICAR Indian Institute of Spices & Plantation Crops
coriander seed,Flowering & Fruiting,20.0,25.0,60.0,6.5,ICAR Indian Institute of Spices & Plantation Crops
cottonseed,Basal / Sowing,35.0,50.0,36.0,6.5,ICAR Indian Institute of Spices & Plantation Crops
cottonseed,Vegetative / Active Growth,50.0,10.0,24.0,6.5,ICAR Indian Institute of Spices & Plantation Crops
cottonseed,Flowering & Fruiting,20.0,25.0,60.0,6.5,ICAR Indian Institute of Spices & Plantation Crops
cowpea (lobia),Basal / Sowing,14.0,50.0,12.0,6.8,ICAR Indian Institute of Pulses Research
cowpea (lobia),Vegetative / Active Growth,20.0,10.0,8.0,6.8,ICAR Indian Institute of Pulses Research
cowpea (lobia),Flowering & Fruiting,8.0,25.0,20.0,6.8,ICAR Indian Institute of Pulses Research
cowpea pods,Basal / Sowing,14.0,50.0,12.0,6.8,ICAR Indian Institute of Pulses Research
cowpea pods,Vegetative / Active Growth,20.0,10.0,8.0,6.8,ICAR Indian Institute of Pulses Research
cowpea pods,Flowering & Fruiting,8.0,25.0,20.0,6.8,ICAR Indian Institute of Pulses Research
cucumber,Basal / Sowing,31.5,60.0,30.0,6.5,ICAR Indian Institute of Horticultural Research
cucumber,Vegetative / Active Growth,45.0,12.0,20.0,6.5,ICAR Indian Institute of Horticultural Research
cucumber,Flowering & Fruiting,18.0,30.0,50.0,6.5,ICAR Indian Institute of Horticultural Research
cumin (jeera),Basal / Sowing,35.0,50.0,36.0,6.5,ICAR Indian Institute of Spices & Plantation Crops
cumin (jeera),Vegetative / Active Growth,50.0,10.0,24.0,6.5,ICAR Indian Institute of Spices & Plantation Crops
cumin (jeera),Flowering & Fruiting,20.0,25.0,60.0,6.5,ICAR Indian Institute of Spices & Plantation Crops
curry leaves,Basal / Sowing,28.0,40.0,24.0,6.5,ICAR General Agronomy Standard
curry leaves,Vegetative / Active Growth,40.0,8.0,16.0,6.5,ICAR General Agronomy Standard
curry leaves,Flowering & Fruiting,16.0,20.0,40.0,6.5,ICAR General Agronomy Standard
custard apple,Basal / Sowing,42.0,40.0,48.0,6.5,ICAR National Research Centre for Fruit Crops
custard apple,Vegetative / Active Growth,60.0,8.0,32.0,6.5,ICAR National Research Centre for Fruit Crops
custard apple,Flowering & Fruiting,24.0,20.0,80.0,6.5,ICAR National Research Centre for Fruit Crops
date palm,Basal / Sowing,42.0,40.0,48.0,6.5,ICAR National Research Centre for Fruit Crops
date palm,Vegetative / Active Growth,60.0,8.0,32.0,6.5,ICAR National Research Centre for Fruit Crops
date palm,Flowering & Fruiting,24.0,20.0,80.0,6.5,ICAR National Research Centre for Fruit Crops
dill leaves,Basal / Sowing,28.0,40.0,24.0,6.5,ICAR General Agronomy Standard
dill leaves,Vegetative / Active Growth,40.0,8.0,16.0,6.5,ICAR General Agronomy Standard
dill leaves,Flowering & Fruiting,16.0,20.0,40.0,6.5,ICAR General Agronomy Standard
dill seed,Basal / Sowing,28.0,40.0,24.0,6.5,ICAR General Agronomy Standard
dill seed,Vegetative / Active Growth,40.0,8.0,16.0,6.5,ICAR General Agronomy Standard
dill seed,Flowering & Fruiting,16.0,20.0,40.0,6.5,ICAR General Agronomy Standard
dragon fruit,Basal / Sowing,42.0,40.0,48.0,6.5,ICAR National Research Centre for Fruit Crops
dragon fruit,Vegetative / Active Growth,60.0,8.0,32.0,6.5,ICAR National Research Centre for Fruit Crops
dragon fruit,Flowering & Fruiting,24.0,20.0,80.0,6.5,ICAR National Research Centre for Fruit Crops
drumstick leaves,Basal / Sowing,28.0,40.0,24.0,6.5,ICAR General Agronomy Standard
drumstick leaves,Vegetative / Active Growth,40.0,8.0,16.0,6.5,ICAR General Agronomy Standard
drumstick leaves,Flowering & Fruiting,16.0,20.0,40.0,6.5,ICAR General Agronomy Standard
drumstick pods,Basal / Sowing,28.0,40.0,24.0,6.5,ICAR General Agronomy Standard
drumstick pods,Vegetative / Active Growth,40.0,8.0,16.0,6.5,ICAR General Agronomy Standard
drumstick pods,Flowering & Fruiting,16.0,20.0,40.0,6.5,ICAR General Agronomy Standard
dry ginger,Basal / Sowing,35.0,50.0,36.0,6.5,ICAR Indian Institute of Spices & Plantation Crops
dry ginger,Vegetative / Active Growth,50.0,10.0,24.0,6.5,ICAR Indian Institute of Spices & Plantation Crops
dry ginger,Flowering & Fruiting,20.0,25.0,60.0,6.5,ICAR Indian Institute of Spices & Plantation Crops
eggplant (brinjal),Basal / Sowing,31.5,60.0,30.0,6.5,ICAR Indian Institute of Horticultural Research
eggplant (brinjal),Vegetative / Active Growth,45.0,12.0,20.0,6.5,ICAR Indian Institute of Horticultural Research
eggplant (brinjal),Flowering & Fruiting,18.0,30.0,50.0,6.5,ICAR Indian Institute of Horticultural Research
elephant foot yam,Basal / Sowing,31.5,60.0,30.0,6.5,ICAR Indian Institute of Horticultural Research
elephant foot yam,Vegetative / Active Growth,45.0,12.0,20.0,6.5,ICAR Indian Institute of Horticultural Research
elephant foot yam,Flowering & Fruiting,18.0,30.0,50.0,6.5,ICAR Indian Institute of Horticultural Research
fennel (saunf),Basal / Sowing,35.0,50.0,36.0,6.5,ICAR Indian Institute of Spices & Plantation Crops
fennel (saunf),Vegetative / Active Growth,50.0,10.0,24.0,6.5,ICAR Indian Institute of Spices & Plantation Crops
fennel (saunf),Flowering & Fruiting,20.0,25.0,60.0,6.5,ICAR Indian Institute of Spices & Plantation Crops
fenugreek leaves,Basal / Sowing,35.0,50.0,36.0,6.5,ICAR Indian Institute of Spices & Plantation Crops
fenugreek leaves,Vegetative / Active Growth,50.0,10.0,24.0,6.5,ICAR Indian Institute of Spices & Plantation Crops
fenugreek leaves,Flowering & Fruiting,20.0,25.0,60.0,6.5,ICAR Indian Institute of Spices & Plantation Crops
fenugreek seed,Basal / Sowing,35.0,50.0,36.0,6.5,ICAR Indian Institute of Spices & Plantation Crops
fenugreek seed,Vegetative / Active Growth,50.0,10.0,24.0,6.5,ICAR Indian Institute of Spices & Plantation Crops
fenugreek seed,Flowering & Fruiting,20.0,25.0,60.0,6.5,ICAR Indian Institute of Spices & Plantation Crops
field pea (matar),Basal / Sowing,14.0,50.0,12.0,6.8,ICAR Indian Institute of Pulses Research
field pea (matar),Vegetative / Active Growth,20.0,10.0,8.0,6.8,ICAR Indian Institute of Pulses Research
field pea (matar),Flowering & Fruiting,8.0,25.0,20.0,6.8,ICAR Indian Institute of Pulses Research
fig,Basal / Sowing,42.0,40.0,48.0,6.5,ICAR National Research Centre for Fruit Crops
fig,Vegetative / Active Growth,60.0,8.0,32.0,6.5,ICAR National Research Centre for Fruit Crops
fig,Flowering & Fruiting,24.0,20.0,80.0,6.5,ICAR National Research Centre for Fruit Crops
finger millet (ragi),Basal / Sowing,28.0,50.0,18.0,6.5,ICAR Cereals & Millets Directorate
finger millet (ragi),Vegetative / Active Growth,40.0,10.0,12.0,6.5,ICAR Cereals & Millets Directorate
finger millet (ragi),Flowering & Fruiting,16.0,25.0,30.0,6.5,ICAR Cereals & Millets Directorate
fonio,Basal / Sowing,28.0,50.0,18.0,6.5,ICAR Cereals & Millets Directorate
fonio,Vegetative / Active Growth,40.0,10.0,12.0,6.5,ICAR Cereals & Millets Directorate
fonio,Flowering & Fruiting,16.0,25.0,30.0,6.5,ICAR Cereals & Millets Directorate
foxtail millet,Basal / Sowing,28.0,50.0,18.0,6.5,ICAR Cereals & Millets Directorate
foxtail millet,Vegetative / Active Growth,40.0,10.0,12.0,6.5,ICAR Cereals & Millets Directorate
foxtail millet,Flowering & Fruiting,16.0,25.0,30.0,6.5,ICAR Cereals & Millets Directorate
french beans,Basal / Sowing,14.0,50.0,12.0,6.8,ICAR Indian Institute of Pulses Research
french beans,Vegetative / Active Growth,20.0,10.0,8.0,6.8,ICAR Indian Institute of Pulses Research
french beans,Flowering & Fruiting,8.0,25.0,20.0,6.8,ICAR Indian Institute of Pulses Research
garlic,Basal / Sowing,31.5,60.0,30.0,6.5,ICAR Indian Institute of Horticultural Research
garlic,Vegetative / Active Growth,45.0,12.0,20.0,6.5,ICAR Indian Institute of Horticultural Research
garlic,Flowering & Fruiting,18.0,30.0,50.0,6.5,ICAR Indian Institute of Horticultural Research
gerbera,Basal / Sowing,17.5,30.0,15.0,6.8,ICAR Directorate of Medicinal & Aromatic Plants
gerbera,Vegetative / Active Growth,25.0,6.0,10.0,6.8,ICAR Directorate of Medicinal & Aromatic Plants
gerbera,Flowering & Fruiting,10.0,15.0,25.0,6.8,ICAR Directorate of Medicinal & Aromatic Plants
gherkin,Basal / Sowing,28.0,40.0,24.0,6.5,ICAR General Agronomy Standard
gherkin,Vegetative / Active Growth,40.0,8.0,16.0,6.5,ICAR General Agronomy Standard
gherkin,Flowering & Fruiting,16.0,20.0,40.0,6.5,ICAR General Agronomy Standard
giloy,Basal / Sowing,28.0,40.0,24.0,6.5,ICAR General Agronomy Standard
giloy,Vegetative / Active Growth,40.0,8.0,16.0,6.5,ICAR General Agronomy Standard
giloy,Flowering & Fruiting,16.0,20.0,40.0,6.5,ICAR General Agronomy Standard
gladiolus,Basal / Sowing,17.5,30.0,15.0,6.8,ICAR Directorate of Medicinal & Aromatic Plants
gladiolus,Vegetative / Active Growth,25.0,6.0,10.0,6.8,ICAR Directorate of Medicinal & Aromatic Plants
gladiolus,Flowering & Fruiting,10.0,15.0,25.0,6.8,ICAR Directorate of Medicinal & Aromatic Plants
grapefruit,Basal / Sowing,28.0,40.0,24.0,6.5,ICAR General Agronomy Standard
grapefruit,Vegetative / Active Growth,40.0,8.0,16.0,6.5,ICAR General Agronomy Standard
grapefruit,Flowering & Fruiting,16.0,20.0,40.0,6.5,ICAR General Agronomy Standard
grapes,Basal / Sowing,42.0,40.0,48.0,6.5,ICAR National Research Centre for Fruit Crops
grapes,Vegetative / Active Growth,60.0,8.0,32.0,6.5,ICAR National Research Centre for Fruit Crops
grapes,Flowering & Fruiting,24.0,20.0,80.0,6.5,ICAR National Research Centre for Fruit Crops
grass pea (khesari),Basal / Sowing,14.0,50.0,12.0,6.8,ICAR Indian Institute of Pulses Research
grass pea (khesari),Vegetative / Active Growth,20.0,10.0,8.0,6.8,ICAR Indian Institute of Pulses Research
grass pea (khesari),Flowering & Fruiting,8.0,25.0,20.0,6.8,ICAR Indian Institute of Pulses Research
green chili,Basal / Sowing,31.5,60.0,30.0,6.5,ICAR Indian Institute of Horticultural Research
green chili,Vegetative / Active Growth,45.0,12.0,20.0,6.5,ICAR Indian Institute of Horticultural Research
green chili,Flowering & Fruiting,18.0,30.0,50.0,6.5,ICAR Indian Institute of Horticultural Research
guava,Basal / Sowing,42.0,40.0,48.0,6.5,ICAR National Research Centre for Fruit Crops
guava,Vegetative / Active Growth,60.0,8.0,32.0,6.5,ICAR National Research Centre for Fruit Crops
guava,Flowering & Fruiting,24.0,20.0,80.0,6.5,ICAR National Research Centre for Fruit Crops
henna,Basal / Sowing,28.0,40.0,24.0,6.5,ICAR General Agronomy Standard
henna,Vegetative / Active Growth,40.0,8.0,16.0,6.5,ICAR General Agronomy Standard
henna,Flowering & Fruiting,16.0,20.0,40.0,6.5,ICAR General Agronomy Standard
horse gram (kulthi),Basal / Sowing,14.0,50.0,12.0,6.8,ICAR Indian Institute of Pulses Research
horse gram (kulthi),Vegetative / Active Growth,20.0,10.0,8.0,6.8,ICAR Indian Institute of Pulses Research
horse gram (kulthi),Flowering & Fruiting,8.0,25.0,20.0,6.8,ICAR Indian Institute of Pulses Research
horseradish,Basal / Sowing,31.5,60.0,30.0,6.5,ICAR Indian Institute of Horticultural Research
horseradish,Vegetative / Active Growth,45.0,12.0,20.0,6.5,ICAR Indian Institute of Horticultural Research
horseradish,Flowering & Fruiting,18.0,30.0,50.0,6.5,ICAR Indian Institute of Horticultural Research
hybrid napier grass,Basal / Sowing,28.0,40.0,24.0,6.5,ICAR General Agronomy Standard
hybrid napier grass,Vegetative / Active Growth,40.0,8.0,16.0,6.5,ICAR General Agronomy Standard
hybrid napier grass,Flowering & Fruiting,16.0,20.0,40.0,6.5,ICAR General Agronomy Standard
indigo,Basal / Sowing,28.0,40.0,24.0,6.5,ICAR General Agronomy Standard
indigo,Vegetative / Active Growth,40.0,8.0,16.0,6.5,ICAR General Agronomy Standard
indigo,Flowering & Fruiting,16.0,20.0,40.0,6.5,ICAR General Agronomy Standard
isabgol,Basal / Sowing,17.5,30.0,15.0,6.8,ICAR Directorate of Medicinal & Aromatic Plants
isabgol,Vegetative / Active Growth,25.0,6.0,10.0,6.8,ICAR Directorate of Medicinal & Aromatic Plants
isabgol,Flowering & Fruiting,10.0,15.0,25.0,6.8,ICAR Directorate of Medicinal & Aromatic Plants
ivy gourd (tindora),Basal / Sowing,31.5,60.0,30.0,6.5,ICAR Indian Institute of Horticultural Research
ivy gourd (tindora),Vegetative / Active Growth,45.0,12.0,20.0,6.5,ICAR Indian Institute of Horticultural Research
ivy gourd (tindora),Flowering & Fruiting,18.0,30.0,50.0,6.5,ICAR Indian Institute of Horticultural Research
jackfruit,Basal / Sowing,42.0,40.0,48.0,6.5,ICAR National Research Centre for Fruit Crops
jackfruit,Vegetative / Active Growth,60.0,8.0,32.0,6.5,ICAR National Research Centre for Fruit Crops
jackfruit,Flowering & Fruiting,24.0,20.0,80.0,6.5,ICAR National Research Centre for Fruit Crops
jamun,Basal / Sowing,42.0,40.0,48.0,6.5,ICAR National Research Centre for Fruit Crops
jamun,Vegetative / Active Growth,60.0,8.0,32.0,6.5,ICAR National Research Centre for Fruit Crops
jamun,Flowering & Fruiting,24.0,20.0,80.0,6.5,ICAR National Research Centre for Fruit Crops
jasmine,Basal / Sowing,17.5,30.0,15.0,6.8,ICAR Directorate of Medicinal & Aromatic Plants
jasmine,Vegetative / Active Growth,25.0,6.0,10.0,6.8,ICAR Directorate of Medicinal & Aromatic Plants
jasmine,Flowering & Fruiting,10.0,15.0,25.0,6.8,ICAR Directorate of Medicinal & Aromatic Plants
jatropha,Basal / Sowing,28.0,40.0,24.0,6.5,ICAR General Agronomy Standard
jatropha,Vegetative / Active Growth,40.0,8.0,16.0,6.5,ICAR General Agronomy Standard
jatropha,Flowering & Fruiting,16.0,20.0,40.0,6.5,ICAR General Agronomy Standard
jerusalem artichoke,Basal / Sowing,28.0,40.0,24.0,6.5,ICAR General Agronomy Standard
jerusalem artichoke,Vegetative / Active Growth,40.0,8.0,16.0,6.5,ICAR General Agronomy Standard
jerusalem artichoke,Flowering & Fruiting,16.0,20.0,40.0,6.5,ICAR General Agronomy Standard
job's tears,Basal / Sowing,35.0,50.0,36.0,6.5,ICAR Indian Institute of Spices & Plantation Crops
job's tears,Vegetative / Active Growth,50.0,10.0,24.0,6.5,ICAR Indian Institute of Spices & Plantation Crops
job's tears,Flowering & Fruiting,20.0,25.0,60.0,6.5,ICAR Indian Institute of Spices & Plantation Crops
jute,Basal / Sowing,35.0,50.0,36.0,6.5,ICAR Indian Institute of Spices & Plantation Crops
jute,Vegetative / Active Growth,50.0,10.0,24.0,6.5,ICAR Indian Institute of Spices & Plantation Crops
jute,Flowering & Fruiting,20.0,25.0,60.0,6.5,ICAR Indian Institute of Spices & Plantation Crops
kale,Basal / Sowing,31.5,60.0,30.0,6.5,ICAR Indian Institute of Horticultural Research
kale,Vegetative / Active Growth,45.0,12.0,20.0,6.5,ICAR Indian Institute of Horticultural Research
kale,Flowering & Fruiting,18.0,30.0,50.0,6.5,ICAR Indian Institute of Horticultural Research
kalmegh,Basal / Sowing,17.5,30.0,15.0,6.8,ICAR Directorate of Medicinal & Aromatic Plants
kalmegh,Vegetative / Active Growth,25.0,6.0,10.0,6.8,ICAR Directorate of Medicinal & Aromatic Plants
kalmegh,Flowering & Fruiting,10.0,15.0,25.0,6.8,ICAR Directorate of Medicinal & Aromatic Plants
karanja,Basal / Sowing,28.0,40.0,24.0,6.5,ICAR General Agronomy Standard
karanja,Vegetative / Active Growth,40.0,8.0,16.0,6.5,ICAR General Agronomy Standard
karanja,Flowering & Fruiting,16.0,20.0,40.0,6.5,ICAR General Agronomy Standard
karonda,Basal / Sowing,28.0,40.0,24.0,6.5,ICAR General Agronomy Standard
karonda,Vegetative / Active Growth,40.0,8.0,16.0,6.5,ICAR General Agronomy Standard
karonda,Flowering & Fruiting,16.0,20.0,40.0,6.5,ICAR General Agronomy Standard
kidneybeans,Basal / Sowing,14.0,50.0,12.0,6.8,ICAR Indian Institute of Pulses Research
kidneybeans,Vegetative / Active Growth,20.0,10.0,8.0,6.8,ICAR Indian Institute of Pulses Research
kidneybeans,Flowering & Fruiting,8.0,25.0,20.0,6.8,ICAR Indian Institute of Pulses Research
kiwi,Basal / Sowing,42.0,40.0,48.0,6.5,ICAR National Research Centre for Fruit Crops
kiwi,Vegetative / Active Growth,60.0,8.0,32.0,6.5,ICAR National Research Centre for Fruit Crops
kiwi,Flowering & Fruiting,24.0,20.0,80.0,6.5,ICAR National Research Centre for Fruit Crops
knol khol,Basal / Sowing,31.5,60.0,30.0,6.5,ICAR Indian Institute of Horticultural Research
knol khol,Vegetative / Active Growth,45.0,12.0,20.0,6.5,ICAR Indian Institute of Horticultural Research
knol khol,Flowering & Fruiting,18.0,30.0,50.0,6.5,ICAR Indian Institute of Horticultural Research
kodo millet,Basal / Sowing,28.0,50.0,18.0,6.5,ICAR Cereals & Millets Directorate
kodo millet,Vegetative / Active Growth,40.0,10.0,12.0,6.5,ICAR Cereals & Millets Directorate
kodo millet,Flowering & Fruiting,16.0,25.0,30.0,6.5,ICAR Cereals & Millets Directorate
kokum (garcinia),Basal / Sowing,28.0,40.0,24.0,6.5,ICAR General Agronomy Standard
kokum (garcinia),Vegetative / Active Growth,40.0,8.0,16.0,6.5,ICAR General Agronomy Standard
kokum (garcinia),Flowering & Fruiting,16.0,20.0,40.0,6.5,ICAR General Agronomy Standard
kumquat,Basal / Sowing,28.0,40.0,24.0,6.5,ICAR General Agronomy Standard
kumquat,Vegetative / Active Growth,40.0,8.0,16.0,6.5,ICAR General Agronomy Standard
kumquat,Flowering & Fruiting,16.0,20.0,40.0,6.5,ICAR General Agronomy Standard
kusum,Basal / Sowing,28.0,40.0,24.0,6.5,ICAR General Agronomy Standard
kusum,Vegetative / Active Growth,40.0,8.0,16.0,6.5,ICAR General Agronomy Standard
kusum,Flowering & Fruiting,16.0,20.0,40.0,6.5,ICAR General Agronomy Standard
lavender,Basal / Sowing,17.5,30.0,15.0,6.8,ICAR Directorate of Medicinal & Aromatic Plants
lavender,Vegetative / Active Growth,25.0,6.0,10.0,6.8,ICAR Directorate of Medicinal & Aromatic Plants
lavender,Flowering & Fruiting,10.0,15.0,25.0,6.8,ICAR Directorate of Medicinal & Aromatic Plants
leek,Basal / Sowing,28.0,40.0,24.0,6.5,ICAR General Agronomy Standard
leek,Vegetative / Active Growth,40.0,8.0,16.0,6.5,ICAR General Agronomy Standard
leek,Flowering & Fruiting,16.0,20.0,40.0,6.5,ICAR General Agronomy Standard
lemon,Basal / Sowing,42.0,40.0,48.0,6.5,ICAR National Research Centre for Fruit Crops
lemon,Vegetative / Active Growth,60.0,8.0,32.0,6.5,ICAR National Research Centre for Fruit Crops
lemon,Flowering & Fruiting,24.0,20.0,80.0,6.5,ICAR National Research Centre for Fruit Crops
lemongrass,Basal / Sowing,42.0,40.0,48.0,6.5,ICAR National Research Centre for Fruit Crops
lemongrass,Vegetative / Active Growth,60.0,8.0,32.0,6.5,ICAR National Research Centre for Fruit Crops
lemongrass,Flowering & Fruiting,24.0,20.0,80.0,6.5,ICAR National Research Centre for Fruit Crops
lentil,Basal / Sowing,14.0,50.0,12.0,6.8,ICAR Indian Institute of Pulses Research
lentil,Vegetative / Active Growth,20.0,10.0,8.0,6.8,ICAR Indian Institute of Pulses Research
lentil,Flowering & Fruiting,8.0,25.0,20.0,6.8,ICAR Indian Institute of Pulses Research
lettuce,Basal / Sowing,31.5,60.0,30.0,6.5,ICAR Indian Institute of Horticultural Research
lettuce,Vegetative / Active Growth,45.0,12.0,20.0,6.5,ICAR Indian Institute of Horticultural Research
lettuce,Flowering & Fruiting,18.0,30.0,50.0,6.5,ICAR Indian Institute of Horticultural Research
lima bean,Basal / Sowing,14.0,50.0,12.0,6.8,ICAR Indian Institute of Pulses Research
lima bean,Vegetative / Active Growth,20.0,10.0,8.0,6.8,ICAR Indian Institute of Pulses Research
lima bean,Flowering & Fruiting,8.0,25.0,20.0,6.8,ICAR Indian Institute of Pulses Research
lime,Basal / Sowing,42.0,40.0,48.0,6.5,ICAR National Research Centre for Fruit Crops
lime,Vegetative / Active Growth,60.0,8.0,32.0,6.5,ICAR National Research Centre for Fruit Crops
lime,Flowering & Fruiting,24.0,20.0,80.0,6.5,ICAR National Research Centre for Fruit Crops
linseed (flax),Basal / Sowing,24.5,45.0,18.0,6.8,ICAR Directorate of Oilseeds Research
linseed (flax),Vegetative / Active Growth,35.0,9.0,12.0,6.8,ICAR Directorate of Oilseeds Research
linseed (flax),Flowering & Fruiting,14.0,22.5,30.0,6.8,ICAR Directorate of Oilseeds Research
little millet,Basal / Sowing,28.0,50.0,18.0,6.5,ICAR Cereals & Millets Directorate
little millet,Vegetative / Active Growth,40.0,10.0,12.0,6.5,ICAR Cereals & Millets Directorate
little millet,Flowering & Fruiting,16.0,25.0,30.0,6.5,ICAR Cereals & Millets Directorate
long melon (kakri),Basal / Sowing,31.5,60.0,30.0,6.5,ICAR Indian Institute of Horticultural Research
long melon (kakri),Vegetative / Active Growth,45.0,12.0,20.0,6.5,ICAR Indian Institute of Horticultural Research
long melon (kakri),Flowering & Fruiting,18.0,30.0,50.0,6.5,ICAR Indian Institute of Horticultural Research
longan,Basal / Sowing,28.0,40.0,24.0,6.5,ICAR General Agronomy Standard
longan,Vegetative / Active Growth,40.0,8.0,16.0,6.5,ICAR General Agronomy Standard
longan,Flowering & Fruiting,16.0,20.0,40.0,6.5,ICAR General Agronomy Standard
lotus root,Basal / Sowing,28.0,40.0,24.0,6.5,ICAR General Agronomy Standard
lotus root,Vegetative / Active Growth,40.0,8.0,16.0,6.5,ICAR General Agronomy Standard
lotus root,Flowering & Fruiting,16.0,20.0,40.0,6.5,ICAR General Agronomy Standard
lucerne (alfalfa),Basal / Sowing,28.0,40.0,24.0,6.5,ICAR General Agronomy Standard
lucerne (alfalfa),Vegetative / Active Growth,40.0,8.0,16.0,6.5,ICAR General Agronomy Standard
lucerne (alfalfa),Flowering & Fruiting,16.0,20.0,40.0,6.5,ICAR General Agronomy Standard
lychee,Basal / Sowing,42.0,40.0,48.0,6.5,ICAR National Research Centre for Fruit Crops
lychee,Vegetative / Active Growth,60.0,8.0,32.0,6.5,ICAR National Research Centre for Fruit Crops
lychee,Flowering & Fruiting,24.0,20.0,80.0,6.5,ICAR National Research Centre for Fruit Crops
mace,Basal / Sowing,28.0,40.0,24.0,6.5,ICAR General Agronomy Standard
mace,Vegetative / Active Growth,40.0,8.0,16.0,6.5,ICAR General Agronomy Standard
mace,Flowering & Fruiting,16.0,20.0,40.0,6.5,ICAR General Agronomy Standard
mahua,Basal / Sowing,28.0,40.0,24.0,6.5,ICAR General Agronomy Standard
mahua,Vegetative / Active Growth,40.0,8.0,16.0,6.5,ICAR General Agronomy Standard
mahua,Flowering & Fruiting,16.0,20.0,40.0,6.5,ICAR General Agronomy Standard
malabar spinach,Basal / Sowing,31.5,60.0,30.0,6.5,ICAR Indian Institute of Horticultural Research
malabar spinach,Vegetative / Active Growth,45.0,12.0,20.0,6.5,ICAR Indian Institute of Horticultural Research
malabar spinach,Flowering & Fruiting,18.0,30.0,50.0,6.5,ICAR Indian Institute of Horticultural Research
mandarin (santra),Basal / Sowing,28.0,40.0,24.0,6.5,ICAR General Agronomy Standard
mandarin (santra),Vegetative / Active Growth,40.0,8.0,16.0,6.5,ICAR General Agronomy Standard
mandarin (santra),Flowering & Fruiting,16.0,20.0,40.0,6.5,ICAR General Agronomy Standard
mango,Basal / Sowing,42.0,40.0,48.0,6.5,ICAR National Research Centre for Fruit Crops
mango,Vegetative / Active Growth,60.0,8.0,32.0,6.5,ICAR National Research Centre for Fruit Crops
mango,Flowering & Fruiting,24.0,20.0,80.0,6.5,ICAR National Research Centre for Fruit Crops
mangosteen,Basal / Sowing,42.0,40.0,48.0,6.5,ICAR National Research Centre for Fruit Crops
mangosteen,Vegetative / Active Growth,60.0,8.0,32.0,6.5,ICAR National Research Centre for Fruit Crops
mangosteen,Flowering & Fruiting,24.0,20.0,80.0,6.5,ICAR National Research Centre for Fruit Crops
marigold,Basal / Sowing,17.5,30.0,15.0,6.8,ICAR Directorate of Medicinal & Aromatic Plants
marigold,Vegetative / Active Growth,25.0,6.0,10.0,6.8,ICAR Directorate of Medicinal & Aromatic Plants
marigold,Flowering & Fruiting,10.0,15.0,25.0,6.8,ICAR Directorate of Medicinal & Aromatic Plants
mentha,Basal / Sowing,17.5,30.0,15.0,6.8,ICAR Directorate of Medicinal & Aromatic Plants
mentha,Vegetative / Active Growth,25.0,6.0,10.0,6.8,ICAR Directorate of Medicinal & Aromatic Plants
mentha,Flowering & Fruiting,10.0,15.0,25.0,6.8,ICAR Directorate of Medicinal & Aromatic Plants
mesta,Basal / Sowing,28.0,40.0,24.0,6.5,ICAR General Agronomy Standard
mesta,Vegetative / Active Growth,40.0,8.0,16.0,6.5,ICAR General Agronomy Standard
mesta,Flowering & Fruiting,16.0,20.0,40.0,6.5,ICAR General Agronomy Standard
mothbeans,Basal / Sowing,14.0,50.0,12.0,6.8,ICAR Indian Institute of Pulses Research
mothbeans,Vegetative / Active Growth,20.0,10.0,8.0,6.8,ICAR Indian Institute of Pulses Research
mothbeans,Flowering & Fruiting,8.0,25.0,20.0,6.8,ICAR Indian Institute of Pulses Research
mulberry,Basal / Sowing,28.0,40.0,24.0,6.5,ICAR General Agronomy Standard
mulberry,Vegetative / Active Growth,40.0,8.0,16.0,6.5,ICAR General Agronomy Standard
mulberry,Flowering & Fruiting,16.0,20.0,40.0,6.5,ICAR General Agronomy Standard
mulberry fruit,Basal / Sowing,28.0,40.0,24.0,6.5,ICAR General Agronomy Standard
mulberry fruit,Vegetative / Active Growth,40.0,8.0,16.0,6.5,ICAR General Agronomy Standard
mulberry fruit,Flowering & Fruiting,16.0,20.0,40.0,6.5,ICAR General Agronomy Standard
mungbean,Basal / Sowing,14.0,50.0,12.0,6.8,ICAR Indian Institute of Pulses Research
mungbean,Vegetative / Active Growth,20.0,10.0,8.0,6.8,ICAR Indian Institute of Pulses Research
mungbean,Flowering & Fruiting,8.0,25.0,20.0,6.8,ICAR Indian Institute of Pulses Research
mushroom,Basal / Sowing,28.0,40.0,24.0,6.5,ICAR General Agronomy Standard
mushroom,Vegetative / Active Growth,40.0,8.0,16.0,6.5,ICAR General Agronomy Standard
mushroom,Flowering & Fruiting,16.0,20.0,40.0,6.5,ICAR General Agronomy Standard
muskmelon,Basal / Sowing,31.5,60.0,30.0,6.5,ICAR Indian Institute of Horticultural Research
muskmelon,Vegetative / Active Growth,45.0,12.0,20.0,6.5,ICAR Indian Institute of Horticultural Research
muskmelon,Flowering & Fruiting,18.0,30.0,50.0,6.5,ICAR Indian Institute of Horticultural Research
mustard (sarson),Basal / Sowing,24.5,45.0,18.0,6.8,ICAR Directorate of Oilseeds Research
mustard (sarson),Vegetative / Active Growth,35.0,9.0,12.0,6.8,ICAR Directorate of Oilseeds Research
mustard (sarson),Flowering & Fruiting,14.0,22.5,30.0,6.8,ICAR Directorate of Oilseeds Research
mustard greens,Basal / Sowing,24.5,45.0,18.0,6.8,ICAR Directorate of Oilseeds Research
mustard greens,Vegetative / Active Growth,35.0,9.0,12.0,6.8,ICAR Directorate of Oilseeds Research
mustard greens,Flowering & Fruiting,14.0,22.5,30.0,6.8,ICAR Directorate of Oilseeds Research
neem seed,Basal / Sowing,28.0,40.0,24.0,6.5,ICAR General Agronomy Standard
neem seed,Vegetative / Active Growth,40.0,8.0,16.0,6.5,ICAR General Agronomy Standard
neem seed,Flowering & Fruiting,16.0,20.0,40.0,6.5,ICAR General Agronomy Standard
nigella seed (kalonji),Basal / Sowing,28.0,40.0,24.0,6.5,ICAR General Agronomy Standard
nigella seed (kalonji),Vegetative / Active Growth,40.0,8.0,16.0,6.5,ICAR General Agronomy Standard
nigella seed (kalonji),Flowering & Fruiting,16.0,20.0,40.0,6.5,ICAR General Agronomy Standard
niger seed,Basal / Sowing,24.5,45.0,18.0,6.8,ICAR Directorate of Oilseeds Research
niger seed,Vegetative / Active Growth,35.0,9.0,12.0,6.8,ICAR Directorate of Oilseeds Research
niger seed,Flowering & Fruiting,14.0,22.5,30.0,6.8,ICAR Directorate of Oilseeds Research
nutmeg,Basal / Sowing,35.0,50.0,36.0,6.5,ICAR Indian Institute of Spices & Plantation Crops
nutmeg,Vegetative / Active Growth,50.0,10.0,24.0,6.5,ICAR Indian Institute of Spices & Plantation Crops
nutmeg,Flowering & Fruiting,20.0,25.0,60.0,6.5,ICAR Indian Institute of Spices & Plantation Crops
oats,Basal / Sowing,28.0,50.0,18.0,6.5,ICAR Cereals & Millets Directorate
oats,Vegetative / Active Growth,40.0,10.0,12.0,6.5,ICAR Cereals & Millets Directorate
oats,Flowering & Fruiting,16.0,25.0,30.0,6.5,ICAR Cereals & Millets Directorate
oats fodder,Basal / Sowing,28.0,50.0,18.0,6.5,ICAR Cereals & Millets Directorate
oats fodder,Vegetative / Active Growth,40.0,10.0,12.0,6.5,ICAR Cereals & Millets Directorate
oats fodder,Flowering & Fruiting,16.0,25.0,30.0,6.5,ICAR Cereals & Millets Directorate
oil palm,Basal / Sowing,24.5,45.0,18.0,6.8,ICAR Directorate of Oilseeds Research
oil palm,Vegetative / Active Growth,35.0,9.0,12.0,6.8,ICAR Directorate of Oilseeds Research
oil palm,Flowering & Fruiting,14.0,22.5,30.0,6.8,ICAR Directorate of Oilseeds Research
okra,Basal / Sowing,31.5,60.0,30.0,6.5,ICAR Indian Institute of Horticultural Research
okra,Vegetative / Active Growth,45.0,12.0,20.0,6.5,ICAR Indian Institute of Horticultural Research
okra,Flowering & Fruiting,18.0,30.0,50.0,6.5,ICAR Indian Institute of Horticultural Research
opium poppy,Basal / Sowing,28.0,40.0,24.0,6.5,ICAR General Agronomy Standard
opium poppy,Vegetative / Active Growth,40.0,8.0,16.0,6.5,ICAR General Agronomy Standard
opium poppy,Flowering & Fruiting,16.0,20.0,40.0,6.5,ICAR General Agronomy Standard
orange,Basal / Sowing,42.0,40.0,48.0,6.5,ICAR National Research Centre for Fruit Crops
orange,Vegetative / Active Growth,60.0,8.0,32.0,6.5,ICAR National Research Centre for Fruit Crops
orange,Flowering & Fruiting,24.0,20.0,80.0,6.5,ICAR National Research Centre for Fruit Crops
orchid,Basal / Sowing,17.5,30.0,15.0,6.8,ICAR Directorate of Medicinal & Aromatic Plants
orchid,Vegetative / Active Growth,25.0,6.0,10.0,6.8,ICAR Directorate of Medicinal & Aromatic Plants
orchid,Flowering & Fruiting,10.0,15.0,25.0,6.8,ICAR Directorate of Medicinal & Aromatic Plants
palmarosa,Basal / Sowing,28.0,40.0,24.0,6.5,ICAR General Agronomy Standard
palmarosa,Vegetative / Active Growth,40.0,8.0,16.0,6.5,ICAR General Agronomy Standard
palmarosa,Flowering & Fruiting,16.0,20.0,40.0,6.5,ICAR General Agronomy Standard
papaya,Basal / Sowing,42.0,40.0,48.0,6.5,ICAR National Research Centre for Fruit Crops
papaya,Vegetative / Active Growth,60.0,8.0,32.0,6.5,ICAR National Research Centre for Fruit Crops
papaya,Flowering & Fruiting,24.0,20.0,80.0,6.5,ICAR National Research Centre for Fruit Crops
parsley,Basal / Sowing,28.0,40.0,24.0,6.5,ICAR General Agronomy Standard
parsley,Vegetative / Active Growth,40.0,8.0,16.0,6.5,ICAR General Agronomy Standard
parsley,Flowering & Fruiting,16.0,20.0,40.0,6.5,ICAR General Agronomy Standard
parsnip,Basal / Sowing,28.0,40.0,24.0,6.5,ICAR General Agronomy Standard
parsnip,Vegetative / Active Growth,40.0,8.0,16.0,6.5,ICAR General Agronomy Standard
parsnip,Flowering & Fruiting,16.0,20.0,40.0,6.5,ICAR General Agronomy Standard
passion fruit,Basal / Sowing,28.0,40.0,24.0,6.5,ICAR General Agronomy Standard
passion fruit,Vegetative / Active Growth,40.0,8.0,16.0,6.5,ICAR General Agronomy Standard
passion fruit,Flowering & Fruiting,16.0,20.0,40.0,6.5,ICAR General Agronomy Standard
peach,Basal / Sowing,14.0,50.0,12.0,6.8,ICAR Indian Institute of Pulses Research
peach,Vegetative / Active Growth,20.0,10.0,8.0,6.8,ICAR Indian Institute of Pulses Research
peach,Flowering & Fruiting,8.0,25.0,20.0,6.8,ICAR Indian Institute of Pulses Research
pear,Basal / Sowing,14.0,50.0,12.0,6.8,ICAR Indian Institute of Pulses Research
pear,Vegetative / Active Growth,20.0,10.0,8.0,6.8,ICAR Indian Institute of Pulses Research
pear,Flowering & Fruiting,8.0,25.0,20.0,6.8,ICAR Indian Institute of Pulses Research
pearl millet (bajra),Basal / Sowing,28.0,50.0,18.0,6.5,ICAR Cereals & Millets Directorate
pearl millet (bajra),Vegetative / Active Growth,40.0,10.0,12.0,6.5,ICAR Cereals & Millets Directorate
pearl millet (bajra),Flowering & Fruiting,16.0,25.0,30.0,6.5,ICAR Cereals & Millets Directorate
peas,Basal / Sowing,14.0,50.0,12.0,6.8,ICAR Indian Institute of Pulses Research
peas,Vegetative / Active Growth,20.0,10.0,8.0,6.8,ICAR Indian Institute of Pulses Research
peas,Flowering & Fruiting,8.0,25.0,20.0,6.8,ICAR Indian Institute of Pulses Research
pecan nut,Basal / Sowing,28.0,40.0,24.0,6.5,ICAR General Agronomy Standard
pecan nut,Vegetative / Active Growth,40.0,8.0,16.0,6.5,ICAR General Agronomy Standard
pecan nut,Flowering & Fruiting,16.0,20.0,40.0,6.5,ICAR General Agronomy Standard
persimmon,Basal / Sowing,28.0,40.0,24.0,6.5,ICAR General Agronomy Standard
persimmon,Vegetative / Active Growth,40.0,8.0,16.0,6.5,ICAR General Agronomy Standard
persimmon,Flowering & Fruiting,16.0,20.0,40.0,6.5,ICAR General Agronomy Standard
phalsa,Basal / Sowing,28.0,40.0,24.0,6.5,ICAR General Agronomy Standard
phalsa,Vegetative / Active Growth,40.0,8.0,16.0,6.5,ICAR General Agronomy Standard
phalsa,Flowering & Fruiting,16.0,20.0,40.0,6.5,ICAR General Agronomy Standard
pigeonpeas,Basal / Sowing,14.0,50.0,12.0,6.8,ICAR Indian Institute of Pulses Research
pigeonpeas,Vegetative / Active Growth,20.0,10.0,8.0,6.8,ICAR Indian Institute of Pulses Research
pigeonpeas,Flowering & Fruiting,8.0,25.0,20.0,6.8,ICAR Indian Institute of Pulses Research
pineapple,Basal / Sowing,42.0,40.0,48.0,6.5,ICAR National Research Centre for Fruit Crops
pineapple,Vegetative / Active Growth,60.0,8.0,32.0,6.5,ICAR National Research Centre for Fruit Crops
pineapple,Flowering & Fruiting,24.0,20.0,80.0,6.5,ICAR National Research Centre for Fruit Crops
pistachio,Basal / Sowing,28.0,40.0,24.0,6.5,ICAR General Agronomy Standard
pistachio,Vegetative / Active Growth,40.0,8.0,16.0,6.5,ICAR General Agronomy Standard
pistachio,Flowering & Fruiting,16.0,20.0,40.0,6.5,ICAR General Agronomy Standard
plum,Basal / Sowing,42.0,40.0,48.0,6.5,ICAR National Research Centre for Fruit Crops
plum,Vegetative / Active Growth,60.0,8.0,32.0,6.5,ICAR National Research Centre for Fruit Crops
plum,Flowering & Fruiting,24.0,20.0,80.0,6.5,ICAR National Research Centre for Fruit Crops
pointed gourd (parwal),Basal / Sowing,31.5,60.0,30.0,6.5,ICAR Indian Institute of Horticultural Research
pointed gourd (parwal),Vegetative / Active Growth,45.0,12.0,20.0,6.5,ICAR Indian Institute of Horticultural Research
pointed gourd (parwal),Flowering & Fruiting,18.0,30.0,50.0,6.5,ICAR Indian Institute of Horticultural Research
pomegranate,Basal / Sowing,42.0,40.0,48.0,6.5,ICAR National Research Centre for Fruit Crops
pomegranate,Vegetative / Active Growth,60.0,8.0,32.0,6.5,ICAR National Research Centre for Fruit Crops
pomegranate,Flowering & Fruiting,24.0,20.0,80.0,6.5,ICAR National Research Centre for Fruit Crops
pomelo,Basal / Sowing,28.0,40.0,24.0,6.5,ICAR General Agronomy Standard
pomelo,Vegetative / Active Growth,40.0,8.0,16.0,6.5,ICAR General Agronomy Standard
pomelo,Flowering & Fruiting,16.0,20.0,40.0,6.5,ICAR General Agronomy Standard
proso millet,Basal / Sowing,28.0,50.0,18.0,6.5,ICAR Cereals & Millets Directorate
proso millet,Vegetative / Active Growth,40.0,10.0,12.0,6.5,ICAR Cereals & Millets Directorate
proso millet,Flowering & Fruiting,16.0,25.0,30.0,6.5,ICAR Cereals & Millets Directorate
pudina (mint),Basal / Sowing,28.0,40.0,24.0,6.5,ICAR General Agronomy Standard
pudina (mint),Vegetative / Active Growth,40.0,8.0,16.0,6.5,ICAR General Agronomy Standard
pudina (mint),Flowering & Fruiting,16.0,20.0,40.0,6.5,ICAR General Agronomy Standard
pumpkin,Basal / Sowing,31.5,60.0,30.0,6.5,ICAR Indian Institute of Horticultural Research
pumpkin,Vegetative / Active Growth,45.0,12.0,20.0,6.5,ICAR Indian Institute of Horticultural Research
pumpkin,Flowering & Fruiting,18.0,30.0,50.0,6.5,ICAR Indian Institute of Horticultural Research
pyrethrum,Basal / Sowing,28.0,40.0,24.0,6.5,ICAR General Agronomy Standard
pyrethrum,Vegetative / Active Growth,40.0,8.0,16.0,6.5,ICAR General Agronomy Standard
pyrethrum,Flowering & Fruiting,16.0,20.0,40.0,6.5,ICAR General Agronomy Standard
quince,Basal / Sowing,28.0,40.0,24.0,6.5,ICAR General Agronomy Standard
quince,Vegetative / Active Growth,40.0,8.0,16.0,6.5,ICAR General Agronomy Standard
quince,Flowering & Fruiting,16.0,20.0,40.0,6.5,ICAR General Agronomy Standard
quinoa,Basal / Sowing,28.0,50.0,18.0,6.5,ICAR Cereals & Millets Directorate
quinoa,Vegetative / Active Growth,40.0,10.0,12.0,6.5,ICAR Cereals & Millets Directorate
quinoa,Flowering & Fruiting,16.0,25.0,30.0,6.5,ICAR Cereals & Millets Directorate
radish,Basal / Sowing,31.5,60.0,30.0,6.5,ICAR Indian Institute of Horticultural Research
radish,Vegetative / Active Growth,45.0,12.0,20.0,6.5,ICAR Indian Institute of Horticultural Research
radish,Flowering & Fruiting,18.0,30.0,50.0,6.5,ICAR Indian Institute of Horticultural Research
rambutan,Basal / Sowing,28.0,40.0,24.0,6.5,ICAR General Agronomy Standard
rambutan,Vegetative / Active Growth,40.0,8.0,16.0,6.5,ICAR General Agronomy Standard
rambutan,Flowering & Fruiting,16.0,20.0,40.0,6.5,ICAR General Agronomy Standard
raspberry,Basal / Sowing,42.0,40.0,48.0,6.5,ICAR National Research Centre for Fruit Crops
raspberry,Vegetative / Active Growth,60.0,8.0,32.0,6.5,ICAR National Research Centre for Fruit Crops
raspberry,Flowering & Fruiting,24.0,20.0,80.0,6.5,ICAR National Research Centre for Fruit Crops
red cabbage,Basal / Sowing,31.5,60.0,30.0,6.5,ICAR Indian Institute of Horticultural Research
red cabbage,Vegetative / Active Growth,45.0,12.0,20.0,6.5,ICAR Indian Institute of Horticultural Research
red cabbage,Flowering & Fruiting,18.0,30.0,50.0,6.5,ICAR Indian Institute of Horticultural Research
red chili,Basal / Sowing,31.5,60.0,30.0,6.5,ICAR Indian Institute of Horticultural Research
red chili,Vegetative / Active Growth,45.0,12.0,20.0,6.5,ICAR Indian Institute of Horticultural Research
red chili,Flowering & Fruiting,18.0,30.0,50.0,6.5,ICAR Indian Institute of Horticultural Research
red onion,Basal / Sowing,31.5,60.0,30.0,6.5,ICAR Indian Institute of Horticultural Research
red onion,Vegetative / Active Growth,45.0,12.0,20.0,6.5,ICAR Indian Institute of Horticultural Research
red onion,Flowering & Fruiting,18.0,30.0,50.0,6.5,ICAR Indian Institute of Horticultural Research
ricebean,Basal / Sowing,28.0,50.0,18.0,6.5,ICAR Cereals & Millets Directorate
ricebean,Vegetative / Active Growth,40.0,10.0,12.0,6.5,ICAR Cereals & Millets Directorate
ricebean,Flowering & Fruiting,16.0,25.0,30.0,6.5,ICAR Cereals & Millets Directorate
ridge gourd,Basal / Sowing,31.5,60.0,30.0,6.5,ICAR Indian Institute of Horticultural Research
ridge gourd,Vegetative / Active Growth,45.0,12.0,20.0,6.5,ICAR Indian Institute of Horticultural Research
ridge gourd,Flowering & Fruiting,18.0,30.0,50.0,6.5,ICAR Indian Institute of Horticultural Research
rose,Basal / Sowing,17.5,30.0,15.0,6.8,ICAR Directorate of Medicinal & Aromatic Plants
rose,Vegetative / Active Growth,25.0,6.0,10.0,6.8,ICAR Directorate of Medicinal & Aromatic Plants
rose,Flowering & Fruiting,10.0,15.0,25.0,6.8,ICAR Directorate of Medicinal & Aromatic Plants
round gourd (tinda),Basal / Sowing,31.5,60.0,30.0,6.5,ICAR Indian Institute of Horticultural Research
round gourd (tinda),Vegetative / Active Growth,45.0,12.0,20.0,6.5,ICAR Indian Institute of Horticultural Research
round gourd (tinda),Flowering & Fruiting,18.0,30.0,50.0,6.5,ICAR Indian Institute of Horticultural Research
rubber,Basal / Sowing,35.0,50.0,36.0,6.5,ICAR Indian Institute of Spices & Plantation Crops
rubber,Vegetative / Active Growth,50.0,10.0,24.0,6.5,ICAR Indian Institute of Spices & Plantation Crops
rubber,Flowering & Fruiting,20.0,25.0,60.0,6.5,ICAR Indian Institute of Spices & Plantation Crops
rye,Basal / Sowing,28.0,50.0,18.0,6.5,ICAR Cereals & Millets Directorate
rye,Vegetative / Active Growth,40.0,10.0,12.0,6.5,ICAR Cereals & Millets Directorate
rye,Flowering & Fruiting,16.0,25.0,30.0,6.5,ICAR Cereals & Millets Directorate
safed musli,Basal / Sowing,17.5,30.0,15.0,6.8,ICAR Directorate of Medicinal & Aromatic Plants
safed musli,Vegetative / Active Growth,25.0,6.0,10.0,6.8,ICAR Directorate of Medicinal & Aromatic Plants
safed musli,Flowering & Fruiting,10.0,15.0,25.0,6.8,ICAR Directorate of Medicinal & Aromatic Plants
safflower,Basal / Sowing,24.5,45.0,18.0,6.8,ICAR Directorate of Oilseeds Research
safflower,Vegetative / Active Growth,35.0,9.0,12.0,6.8,ICAR Directorate of Oilseeds Research
safflower,Flowering & Fruiting,14.0,22.5,30.0,6.8,ICAR Directorate of Oilseeds Research
saffron,Basal / Sowing,35.0,50.0,36.0,6.5,ICAR Indian Institute of Spices & Plantation Crops
saffron,Vegetative / Active Growth,50.0,10.0,24.0,6.5,ICAR Indian Institute of Spices & Plantation Crops
saffron,Flowering & Fruiting,20.0,25.0,60.0,6.5,ICAR Indian Institute of Spices & Plantation Crops
sal,Basal / Sowing,28.0,40.0,24.0,6.5,ICAR General Agronomy Standard
sal,Vegetative / Active Growth,40.0,8.0,16.0,6.5,ICAR General Agronomy Standard
sal,Flowering & Fruiting,16.0,20.0,40.0,6.5,ICAR General Agronomy Standard
sapota (chiku),Basal / Sowing,42.0,40.0,48.0,6.5,ICAR National Research Centre for Fruit Crops
sapota (chiku),Vegetative / Active Growth,60.0,8.0,32.0,6.5,ICAR National Research Centre for Fruit Crops
sapota (chiku),Flowering & Fruiting,24.0,20.0,80.0,6.5,ICAR National Research Centre for Fruit Crops
sarpagandha,Basal / Sowing,28.0,40.0,24.0,6.5,ICAR General Agronomy Standard
sarpagandha,Vegetative / Active Growth,40.0,8.0,16.0,6.5,ICAR General Agronomy Standard
sarpagandha,Flowering & Fruiting,16.0,20.0,40.0,6.5,ICAR General Agronomy Standard
senna,Basal / Sowing,28.0,40.0,24.0,6.5,ICAR General Agronomy Standard
senna,Vegetative / Active Growth,40.0,8.0,16.0,6.5,ICAR General Agronomy Standard
senna,Flowering & Fruiting,16.0,20.0,40.0,6.5,ICAR General Agronomy Standard
sesame (til),Basal / Sowing,24.5,45.0,18.0,6.8,ICAR Directorate of Oilseeds Research
sesame (til),Vegetative / Active Growth,35.0,9.0,12.0,6.8,ICAR Directorate of Oilseeds Research
sesame (til),Flowering & Fruiting,14.0,22.5,30.0,6.8,ICAR Directorate of Oilseeds Research
shallot,Basal / Sowing,28.0,40.0,24.0,6.5,ICAR General Agronomy Standard
shallot,Vegetative / Active Growth,40.0,8.0,16.0,6.5,ICAR General Agronomy Standard
shallot,Flowering & Fruiting,16.0,20.0,40.0,6.5,ICAR General Agronomy Standard
shatavari,Basal / Sowing,17.5,30.0,15.0,6.8,ICAR Directorate of Medicinal & Aromatic Plants
shatavari,Vegetative / Active Growth,25.0,6.0,10.0,6.8,ICAR Directorate of Medicinal & Aromatic Plants
shatavari,Flowering & Fruiting,10.0,15.0,25.0,6.8,ICAR Directorate of Medicinal & Aromatic Plants
snake gourd,Basal / Sowing,31.5,60.0,30.0,6.5,ICAR Indian Institute of Horticultural Research
snake gourd,Vegetative / Active Growth,45.0,12.0,20.0,6.5,ICAR Indian Institute of Horticultural Research
snake gourd,Flowering & Fruiting,18.0,30.0,50.0,6.5,ICAR Indian Institute of Horticultural Research
snap melon,Basal / Sowing,31.5,60.0,30.0,6.5,ICAR Indian Institute of Horticultural Research
snap melon,Vegetative / Active Growth,45.0,12.0,20.0,6.5,ICAR Indian Institute of Horticultural Research
snap melon,Flowering & Fruiting,18.0,30.0,50.0,6.5,ICAR Indian Institute of Horticultural Research
sorghum (jowar),Basal / Sowing,28.0,50.0,18.0,6.5,ICAR Cereals & Millets Directorate
sorghum (jowar),Vegetative / Active Growth,40.0,10.0,12.0,6.5,ICAR Cereals & Millets Directorate
sorghum (jowar),Flowering & Fruiting,16.0,25.0,30.0,6.5,ICAR Cereals & Millets Directorate
sorghum fodder,Basal / Sowing,28.0,50.0,18.0,6.5,ICAR Cereals & Millets Directorate
sorghum fodder,Vegetative / Active Growth,40.0,10.0,12.0,6.5,ICAR Cereals & Millets Directorate
sorghum fodder,Flowering & Fruiting,16.0,25.0,30.0,6.5,ICAR Cereals & Millets Directorate
soybeans,Basal / Sowing,14.0,50.0,12.0,6.8,ICAR Indian Institute of Pulses Research
soybeans,Vegetative / Active Growth,20.0,10.0,8.0,6.8,ICAR Indian Institute of Pulses Research
soybeans,Flowering & Fruiting,8.0,25.0,20.0,6.8,ICAR Indian Institute of Pulses Research
spinach (palak),Basal / Sowing,31.5,60.0,30.0,6.5,ICAR Indian Institute of Horticultural Research
spinach (palak),Vegetative / Active Growth,45.0,12.0,20.0,6.5,ICAR Indian Institute of Horticultural Research
spinach (palak),Flowering & Fruiting,18.0,30.0,50.0,6.5,ICAR Indian Institute of Horticultural Research
spiny gourd,Basal / Sowing,31.5,60.0,30.0,6.5,ICAR Indian Institute of Horticultural Research
spiny gourd,Vegetative / Active Growth,45.0,12.0,20.0,6.5,ICAR Indian Institute of Horticultural Research
spiny gourd,Flowering & Fruiting,18.0,30.0,50.0,6.5,ICAR Indian Institute of Horticultural Research
sponge gourd,Basal / Sowing,31.5,60.0,30.0,6.5,ICAR Indian Institute of Horticultural Research
sponge gourd,Vegetative / Active Growth,45.0,12.0,20.0,6.5,ICAR Indian Institute of Horticultural Research
sponge gourd,Flowering & Fruiting,18.0,30.0,50.0,6.5,ICAR Indian Institute of Horticultural Research
squash,Basal / Sowing,31.5,60.0,30.0,6.5,ICAR Indian Institute of Horticultural Research
squash,Vegetative / Active Growth,45.0,12.0,20.0,6.5,ICAR Indian Institute of Horticultural Research
squash,Flowering & Fruiting,18.0,30.0,50.0,6.5,ICAR Indian Institute of Horticultural Research
star anise,Basal / Sowing,28.0,40.0,24.0,6.5,ICAR General Agronomy Standard
star anise,Vegetative / Active Growth,40.0,8.0,16.0,6.5,ICAR General Agronomy Standard
star anise,Flowering & Fruiting,16.0,20.0,40.0,6.5,ICAR General Agronomy Standard
stevia,Basal / Sowing,17.5,30.0,15.0,6.8,ICAR Directorate of Medicinal & Aromatic Plants
stevia,Vegetative / Active Growth,25.0,6.0,10.0,6.8,ICAR Directorate of Medicinal & Aromatic Plants
stevia,Flowering & Fruiting,10.0,15.0,25.0,6.8,ICAR Directorate of Medicinal & Aromatic Plants
strawberry,Basal / Sowing,42.0,40.0,48.0,6.5,ICAR National Research Centre for Fruit Crops
strawberry,Vegetative / Active Growth,60.0,8.0,32.0,6.5,ICAR National Research Centre for Fruit Crops
strawberry,Flowering & Fruiting,24.0,20.0,80.0,6.5,ICAR National Research Centre for Fruit Crops
subabul,Basal / Sowing,28.0,40.0,24.0,6.5,ICAR General Agronomy Standard
subabul,Vegetative / Active Growth,40.0,8.0,16.0,6.5,ICAR General Agronomy Standard
subabul,Flowering & Fruiting,16.0,20.0,40.0,6.5,ICAR General Agronomy Standard
sugar apple,Basal / Sowing,42.0,40.0,48.0,6.5,ICAR National Research Centre for Fruit Crops
sugar apple,Vegetative / Active Growth,60.0,8.0,32.0,6.5,ICAR National Research Centre for Fruit Crops
sugar apple,Flowering & Fruiting,24.0,20.0,80.0,6.5,ICAR National Research Centre for Fruit Crops
sugarbeet,Basal / Sowing,28.0,40.0,24.0,6.5,ICAR General Agronomy Standard
sugarbeet,Vegetative / Active Growth,40.0,8.0,16.0,6.5,ICAR General Agronomy Standard
sugarbeet,Flowering & Fruiting,16.0,20.0,40.0,6.5,ICAR General Agronomy Standard
sunflower,Basal / Sowing,24.5,45.0,18.0,6.8,ICAR Directorate of Oilseeds Research
sunflower,Vegetative / Active Growth,35.0,9.0,12.0,6.8,ICAR Directorate of Oilseeds Research
sunflower,Flowering & Fruiting,14.0,22.5,30.0,6.8,ICAR Directorate of Oilseeds Research
sunn hemp,Basal / Sowing,28.0,40.0,24.0,6.5,ICAR General Agronomy Standard
sunn hemp,Vegetative / Active Growth,40.0,8.0,16.0,6.5,ICAR General Agronomy Standard
sunn hemp,Flowering & Fruiting,16.0,20.0,40.0,6.5,ICAR General Agronomy Standard
sweet corn,Basal / Sowing,28.0,50.0,18.0,6.5,ICAR Cereals & Millets Directorate
sweet corn,Vegetative / Active Growth,40.0,10.0,12.0,6.5,ICAR Cereals & Millets Directorate
sweet corn,Flowering & Fruiting,16.0,25.0,30.0,6.5,ICAR Cereals & Millets Directorate
sweet orange (mosambi),Basal / Sowing,42.0,40.0,48.0,6.5,ICAR National Research Centre for Fruit Crops
sweet orange (mosambi),Vegetative / Active Growth,60.0,8.0,32.0,6.5,ICAR National Research Centre for Fruit Crops
sweet orange (mosambi),Flowering & Fruiting,24.0,20.0,80.0,6.5,ICAR National Research Centre for Fruit Crops
sweet potato,Basal / Sowing,31.5,60.0,30.0,6.5,ICAR Indian Institute of Horticultural Research
sweet potato,Vegetative / Active Growth,45.0,12.0,20.0,6.5,ICAR Indian Institute of Horticultural Research
sweet potato,Flowering & Fruiting,18.0,30.0,50.0,6.5,ICAR Indian Institute of Horticultural Research
swiss chard,Basal / Sowing,28.0,40.0,24.0,6.5,ICAR General Agronomy Standard
swiss chard,Vegetative / Active Growth,40.0,8.0,16.0,6.5,ICAR General Agronomy Standard
swiss chard,Flowering & Fruiting,16.0,20.0,40.0,6.5,ICAR General Agronomy Standard
sword bean,Basal / Sowing,14.0,50.0,12.0,6.8,ICAR Indian Institute of Pulses Research
sword bean,Vegetative / Active Growth,20.0,10.0,8.0,6.8,ICAR Indian Institute of Pulses Research
sword bean,Flowering & Fruiting,8.0,25.0,20.0,6.8,ICAR Indian Institute of Pulses Research
tamarind,Basal / Sowing,28.0,40.0,24.0,6.5,ICAR General Agronomy Standard
tamarind,Vegetative / Active Growth,40.0,8.0,16.0,6.5,ICAR General Agronomy Standard
tamarind,Flowering & Fruiting,16.0,20.0,40.0,6.5,ICAR General Agronomy Standard
taramira,Basal / Sowing,24.5,45.0,18.0,6.8,ICAR Directorate of Oilseeds Research
taramira,Vegetative / Active Growth,35.0,9.0,12.0,6.8,ICAR Directorate of Oilseeds Research
taramira,Flowering & Fruiting,14.0,22.5,30.0,6.8,ICAR Directorate of Oilseeds Research
taro (arvi),Basal / Sowing,31.5,60.0,30.0,6.5,ICAR Indian Institute of Horticultural Research
taro (arvi),Vegetative / Active Growth,45.0,12.0,20.0,6.5,ICAR Indian Institute of Horticultural Research
taro (arvi),Flowering & Fruiting,18.0,30.0,50.0,6.5,ICAR Indian Institute of Horticultural Research
tea,Basal / Sowing,35.0,50.0,36.0,6.5,ICAR Indian Institute of Spices & Plantation Crops
tea,Vegetative / Active Growth,50.0,10.0,24.0,6.5,ICAR Indian Institute of Spices & Plantation Crops
tea,Flowering & Fruiting,20.0,25.0,60.0,6.5,ICAR Indian Institute of Spices & Plantation Crops
teasel gourd (kakrol),Basal / Sowing,31.5,60.0,30.0,6.5,ICAR Indian Institute of Horticultural Research
teasel gourd (kakrol),Vegetative / Active Growth,45.0,12.0,20.0,6.5,ICAR Indian Institute of Horticultural Research
teasel gourd (kakrol),Flowering & Fruiting,18.0,30.0,50.0,6.5,ICAR Indian Institute of Horticultural Research
tef,Basal / Sowing,28.0,50.0,18.0,6.5,ICAR Cereals & Millets Directorate
tef,Vegetative / Active Growth,40.0,10.0,12.0,6.5,ICAR Cereals & Millets Directorate
tef,Flowering & Fruiting,16.0,25.0,30.0,6.5,ICAR Cereals & Millets Directorate
tepary bean,Basal / Sowing,14.0,50.0,12.0,6.8,ICAR Indian Institute of Pulses Research
tepary bean,Vegetative / Active Growth,20.0,10.0,8.0,6.8,ICAR Indian Institute of Pulses Research
tepary bean,Flowering & Fruiting,8.0,25.0,20.0,6.8,ICAR Indian Institute of Pulses Research
tobacco,Basal / Sowing,35.0,50.0,36.0,6.5,ICAR Indian Institute of Spices & Plantation Crops
tobacco,Vegetative / Active Growth,50.0,10.0,24.0,6.5,ICAR Indian Institute of Spices & Plantation Crops
tobacco,Flowering & Fruiting,20.0,25.0,60.0,6.5,ICAR Indian Institute of Spices & Plantation Crops
triticale,Basal / Sowing,28.0,50.0,18.0,6.5,ICAR Cereals & Millets Directorate
triticale,Vegetative / Active Growth,40.0,10.0,12.0,6.5,ICAR Cereals & Millets Directorate
triticale,Flowering & Fruiting,16.0,25.0,30.0,6.5,ICAR Cereals & Millets Directorate
tuberose,Basal / Sowing,17.5,30.0,15.0,6.8,ICAR Directorate of Medicinal & Aromatic Plants
tuberose,Vegetative / Active Growth,25.0,6.0,10.0,6.8,ICAR Directorate of Medicinal & Aromatic Plants
tuberose,Flowering & Fruiting,10.0,15.0,25.0,6.8,ICAR Directorate of Medicinal & Aromatic Plants
tulsi (holy basil),Basal / Sowing,17.5,30.0,15.0,6.8,ICAR Directorate of Medicinal & Aromatic Plants
tulsi (holy basil),Vegetative / Active Growth,25.0,6.0,10.0,6.8,ICAR Directorate of Medicinal & Aromatic Plants
tulsi (holy basil),Flowering & Fruiting,10.0,15.0,25.0,6.8,ICAR Directorate of Medicinal & Aromatic Plants
tung nut,Basal / Sowing,28.0,40.0,24.0,6.5,ICAR General Agronomy Standard
tung nut,Vegetative / Active Growth,40.0,8.0,16.0,6.5,ICAR General Agronomy Standard
tung nut,Flowering & Fruiting,16.0,20.0,40.0,6.5,ICAR General Agronomy Standard
turmeric,Basal / Sowing,35.0,50.0,36.0,6.5,ICAR Indian Institute of Spices & Plantation Crops
turmeric,Vegetative / Active Growth,50.0,10.0,24.0,6.5,ICAR Indian Institute of Spices & Plantation Crops
turmeric,Flowering & Fruiting,20.0,25.0,60.0,6.5,ICAR Indian Institute of Spices & Plantation Crops
turnip,Basal / Sowing,31.5,60.0,30.0,6.5,ICAR Indian Institute of Horticultural Research
turnip,Vegetative / Active Growth,45.0,12.0,20.0,6.5,ICAR Indian Institute of Horticultural Research
turnip,Flowering & Fruiting,18.0,30.0,50.0,6.5,ICAR Indian Institute of Horticultural Research
vanilla,Basal / Sowing,35.0,50.0,36.0,6.5,ICAR Indian Institute of Spices & Plantation Crops
vanilla,Vegetative / Active Growth,50.0,10.0,24.0,6.5,ICAR Indian Institute of Spices & Plantation Crops
vanilla,Flowering & Fruiting,20.0,25.0,60.0,6.5,ICAR Indian Institute of Spices & Plantation Crops
velvet bean,Basal / Sowing,14.0,50.0,12.0,6.8,ICAR Indian Institute of Pulses Research
velvet bean,Vegetative / Active Growth,20.0,10.0,8.0,6.8,ICAR Indian Institute of Pulses Research
velvet bean,Flowering & Fruiting,8.0,25.0,20.0,6.8,ICAR Indian Institute of Pulses Research
vetiver (khus),Basal / Sowing,28.0,40.0,24.0,6.5,ICAR General Agronomy Standard
vetiver (khus),Vegetative / Active Growth,40.0,8.0,16.0,6.5,ICAR General Agronomy Standard
vetiver (khus),Flowering & Fruiting,16.0,20.0,40.0,6.5,ICAR General Agronomy Standard
walnut,Basal / Sowing,28.0,40.0,24.0,6.5,ICAR General Agronomy Standard
walnut,Vegetative / Active Growth,40.0,8.0,16.0,6.5,ICAR General Agronomy Standard
walnut,Flowering & Fruiting,16.0,20.0,40.0,6.5,ICAR General Agronomy Standard
water chestnut,Basal / Sowing,28.0,40.0,24.0,6.5,ICAR General Agronomy Standard
water chestnut,Vegetative / Active Growth,40.0,8.0,16.0,6.5,ICAR General Agronomy Standard
water chestnut,Flowering & Fruiting,16.0,20.0,40.0,6.5,ICAR General Agronomy Standard
water spinach,Basal / Sowing,31.5,60.0,30.0,6.5,ICAR Indian Institute of Horticultural Research
water spinach,Vegetative / Active Growth,45.0,12.0,20.0,6.5,ICAR Indian Institute of Horticultural Research
water spinach,Flowering & Fruiting,18.0,30.0,50.0,6.5,ICAR Indian Institute of Horticultural Research
watermelon,Basal / Sowing,31.5,60.0,30.0,6.5,ICAR Indian Institute of Horticultural Research
watermelon,Vegetative / Active Growth,45.0,12.0,20.0,6.5,ICAR Indian Institute of Horticultural Research
watermelon,Flowering & Fruiting,18.0,30.0,50.0,6.5,ICAR Indian Institute of Horticultural Research
wax gourd,Basal / Sowing,31.5,60.0,30.0,6.5,ICAR Indian Institute of Horticultural Research
wax gourd,Vegetative / Active Growth,45.0,12.0,20.0,6.5,ICAR Indian Institute of Horticultural Research
wax gourd,Flowering & Fruiting,18.0,30.0,50.0,6.5,ICAR Indian Institute of Horticultural Research
white onion,Basal / Sowing,31.5,60.0,30.0,6.5,ICAR Indian Institute of Horticultural Research
white onion,Vegetative / Active Growth,45.0,12.0,20.0,6.5,ICAR Indian Institute of Horticultural Research
white onion,Flowering & Fruiting,18.0,30.0,50.0,6.5,ICAR Indian Institute of Horticultural Research
wild rice,Basal / Sowing,28.0,50.0,18.0,6.5,ICAR Cereals & Millets Directorate
wild rice,Vegetative / Active Growth,40.0,10.0,12.0,6.5,ICAR Cereals & Millets Directorate
wild rice,Flowering & Fruiting,16.0,25.0,30.0,6.5,ICAR Cereals & Millets Directorate
winged bean,Basal / Sowing,14.0,50.0,12.0,6.8,ICAR Indian Institute of Pulses Research
winged bean,Vegetative / Active Growth,20.0,10.0,8.0,6.8,ICAR Indian Institute of Pulses Research
winged bean,Flowering & Fruiting,8.0,25.0,20.0,6.8,ICAR Indian Institute of Pulses Research
wood apple,Basal / Sowing,42.0,40.0,48.0,6.5,ICAR National Research Centre for Fruit Crops
wood apple,Vegetative / Active Growth,60.0,8.0,32.0,6.5,ICAR National Research Centre for Fruit Crops
wood apple,Flowering & Fruiting,24.0,20.0,80.0,6.5,ICAR National Research Centre for Fruit Crops
yam,Basal / Sowing,31.5,60.0,30.0,6.5,ICAR Indian Institute of Horticultural Research
yam,Vegetative / Active Growth,45.0,12.0,20.0,6.5,ICAR Indian Institute of Horticultural Research
yam,Flowering & Fruiting,18.0,30.0,50.0,6.5,ICAR Indian Institute of Horticultural Research
zucchini,Basal / Sowing,31.5,60.0,30.0,6.5,ICAR Indian Institute of Horticultural Research
zucchini,Vegetative / Active Growth,45.0,12.0,20.0,6.5,ICAR Indian Institute of Horticultural Research
zucchini,Flowering & Fruiting,18.0,30.0,50.0,6.5,ICAR Indian Institute of Horticultural Research
Default,All Stages,40.0,40.0,40.0,6.5,ICAR General Recommendation
wheat,Basal / Sowing,60.0,60.0,40.0,6.5,ICAR Wheat Agronomy Standard
wheat,CRI (Crown Root Initiation),30.0,0.0,0.0,6.5,ICAR Wheat Agronomy Standard
wheat,Booting / Jointing Stage,30.0,0.0,0.0,6.5,ICAR Wheat Agronomy Standard
rice,Basal / Sowing,50.0,50.0,25.0,6.5,ICAR Rice Agronomy Standard
rice,Active Tillering,25.0,0.0,0.0,6.5,ICAR Rice Agronomy Standard
rice,Panicle Initiation,25.0,0.0,25.0,6.5,ICAR Rice Agronomy Standard
paddy,Basal / Sowing,50.0,50.0,25.0,6.5,ICAR Rice Agronomy Standard
paddy,Active Tillering,25.0,0.0,0.0,6.5,ICAR Rice Agronomy Standard
paddy,Panicle Initiation,25.0,0.0,25.0,6.5,ICAR Rice Agronomy Standard
maize,Basal / Sowing,45.0,62.5,50.0,6.8,ICAR Maize Agronomy Standard
maize,Knee High Stage,45.0,0.0,0.0,6.8,ICAR Maize Agronomy Standard
maize,Tasseling / Silking,45.0,0.0,0.0,6.8,ICAR Maize Agronomy Standard
sugarcane,Basal / Planting,75.0,115.0,40.0,6.8,ICAR Sugarcane Research Institute
sugarcane,Tillering Stage,100.0,0.0,35.0,6.8,ICAR Sugarcane Research Institute
sugarcane,Grand Growth Phase,75.0,0.0,40.0,6.8,ICAR Sugarcane Research Institute
cotton,Basal / Sowing,37.5,60.0,45.0,7.0,ICAR Central Institute for Cotton Research
cotton,Square Formation,75.0,0.0,0.0,7.0,ICAR Central Institute for Cotton Research
cotton,Peak Flowering / Boll Dev,37.5,0.0,45.0,7.0,ICAR Central Institute for Cotton Research
potato,Basal / Planting,90.0,100.0,60.0,5.8,ICAR Central Potato Research Institute
potato,Earthing Up / Tuber Dev,90.0,0.0,60.0,5.8,ICAR Central Potato Research Institute
chickpea,Basal / Sowing,20.0,50.0,20.0,6.8,ICAR Indian Institute of Pulses Research
soybean,Basal / Sowing,30.0,80.0,40.0,6.5,ICAR Indian Institute of Soybean Research
groundnut,Basal / Sowing,25.0,50.0,75.0,6.5,ICAR Directorate of Groundnut Research
mustard,Basal / Sowing,40.0,40.0,40.0,6.5,ICAR Directorate of Mustard Research
mustard,Flowering Stage,40.0,0.0,0.0,6.5,ICAR Directorate of Mustard Research
tomato,Basal / Transplanting,75.0,100.0,50.0,6.5,ICAR Indian Institute of Horticultural Research
tomato,Fruit Development,75.0,0.0,50.0,6.5,ICAR Indian Institute of Horticultural Research
onion,Basal / Transplanting,50.0,50.0,50.0,6.5,ICAR Directorate of Onion & Garlic Research
onion,Bulb Development,50.0,0.0,50.0,6.5,ICAR Directorate of Onion & Garlic Research
chilli,Basal / Transplanting,40.0,60.0,20.0,6.5,ICAR IIHR Standards
chilli,Flowering & Fruiting,40.0,0.0,20.0,6.5,ICAR IIHR Standards
chilli,Fruit Picking Stage,40.0,0.0,20.0,6.5,ICAR IIHR Standards
